-- phpMyAdmin SQL Dump
-- version 4.7.7
-- https://www.phpmyadmin.net/
--
-- Host: 127.0.0.1
-- Generation Time: Mar 26, 2018 at 02:55 PM
-- Server version: 10.1.30-MariaDB
-- PHP Version: 7.2.2

SET SQL_MODE = "NO_AUTO_VALUE_ON_ZERO";
SET AUTOCOMMIT = 0;
START TRANSACTION;
SET time_zone = "+00:00";


/*!40101 SET @OLD_CHARACTER_SET_CLIENT=@@CHARACTER_SET_CLIENT */;
/*!40101 SET @OLD_CHARACTER_SET_RESULTS=@@CHARACTER_SET_RESULTS */;
/*!40101 SET @OLD_COLLATION_CONNECTION=@@COLLATION_CONNECTION */;
/*!40101 SET NAMES utf8mb4 */;

--
-- Database: `db_penilaian`
--

-- --------------------------------------------------------

--
-- Table structure for table `tbl_kantor`
--

CREATE TABLE `tbl_kantor` (
  `kd_kantor` varchar(3) NOT NULL,
  `nm_kantor` char(40) NOT NULL,
  `tipe` enum('DIVISI','BAGIAN','CABANG','CAPEM','KAS') DEFAULT NULL,
  `parent` varchar(3) DEFAULT NULL
) ENGINE=InnoDB DEFAULT CHARSET=latin1;

--
-- Dumping data for table `tbl_kantor`
--

INSERT INTO `tbl_kantor` (`kd_kantor`, `nm_kantor`, `tipe`, `parent`) VALUES
('001', 'CABANG UTAMA', 'CABANG', ''),
('002', 'CABANG KOLAKA', 'CABANG', ''),
('003', 'CABANG RAHA', 'CABANG', ''),
('004', 'CABANG BAUBAU', 'CABANG', ''),
('005', 'CABANG UNAAHA', 'CABANG', ''),
('102', 'CAPEM LADONGI', 'CAPEM', ''),
('103', 'CAPEM LAPAI', 'CAPEM', ''),
('104', 'CABANG LASUSUA', 'CABANG', ''),
('105', 'CABANG WAKATOBI', 'CABANG', ''),
('106', 'CABANG PASARWAJO', 'CABANG', ''),
('107', 'CABANG PUNGGALUKU', 'CABANG', ''),
('108', 'CABANG BOMBANA', 'CABANG', ''),
('109', 'CAPEM KAMBARA', 'CAPEM', ''),
('110', 'CABANG ASERA', 'CABANG', ''),
('111', 'CABANG EREKE', 'CABANG', ''),
('201', 'KAS ANDUONOHU', 'KAS', '001'),
('202', 'KAS WALIKOTA', 'KAS', '101'),
('203', 'KAS ANDOOLO', 'KAS', '107'),
('204', 'KAS WUA-WUA', 'KAS', '101'),
('205', 'KAS GUBERNUR', 'KAS', '001'),
('206', 'KAS POMALAA', 'KAS', '002'),
('207', 'KAS BOEPINANG', 'KAS', '108'),
('208', 'KAS LAMBANDIA', 'KAS', '102'),
('209', 'KAS MOWEWE', 'KAS', '102'),
('210', 'KAS BUPATI KOLAKA', 'KAS', '002'),
('211', 'KAS LOMBE', 'KAS', '003'),
('212', 'KAS LASEHAO', 'KAS', '003'),
('213', 'KAS TOMIA', 'KAS', '003'),
('214', 'KAS TINAGGEA', 'KAS', '107'),
('215', 'KAS KABAENA', 'KAS', '108'),
('216', 'KAS BARUGA', 'KAS', '101'),
('217', 'KAS WAWOTOBI', 'KAS', '005'),
('218', 'KAS MALL MANDONGA', 'KAS', '001'),
('219', 'KAS LAPULU', 'KAS', '101'),
('220', 'KAS ANGATA', 'KAS', '107'),
('221', 'CAPEM WAWONII', 'CAPEM', ''),
('222', 'KAS RATE RATE', 'KAS', '102'),
('223', 'KAS WOLO', 'KAS', '002'),
('224', 'KAS PONDIDAHA', 'KAS', '005'),
('225', 'KAS BUKE', 'KAS', '107'),
('226', 'KAS KTR. BUPATI BOMBANA', 'KAS', '002'),
('227', 'KAS LATALI', 'KAS', '103'),
('228', 'KAS MANDATI', 'KAS', '105'),
('229', 'KAS BAUBAU', 'KAS', '004'),
('230', 'KAS MAWASANGKA', 'KAS', '004'),
('231', 'KAS PEMDA KONAWE', 'KAS', '005'),
('232', 'KAS MOLAWE', 'KAS', '110'),
('233', 'KAS PURE', 'KAS', '003'),
('234', 'KAS TAMPO', 'KAS', '003'),
('235', 'KAS PASAR SENTRAL KENDARI', 'KAS', '001'),
('236', 'KAS WAKURU', 'KAS', '003'),
('237', 'KAS WATUBANGGA', 'KAS', '002'),
('238', 'KAS KALEDUPA', 'KAS', '105'),
('239', 'KAS WAODEBURI', 'KAS', '111'),
('240', 'KAS BATAUGA', 'KAS', '004'),
('241', 'KAS WIWIRANO', 'KAS', '110'),
('242', 'KAS PERIZINAN KOTA', 'KAS', '001'),
('243', 'KAS UNHALU', 'KAS', '001'),
('244', 'KAS PEMDA MUNA', 'KAS', '004'),
('245', 'KAS LASALIMU', 'KAS', '106'),
('246', 'KAS RANTEANGIN', 'KAS', '104'),
('ANL', 'BAGIAN ANALIS', 'BAGIAN', ''),
('CRS', 'DIVISI CORSEC', 'DIVISI', ''),
('KEP', 'DIVISI KEPATUHAN', 'DIVISI', ''),
('KEU', 'DIVISI KEUANGAN & AKUNTANSI', 'DIVISI', ''),
('KRD', 'DIVISI PERKREDITAN', 'DIVISI', ''),
('PRC', 'DIVISI PERENCANAAN', 'DIVISI', ''),
('SDU', 'DIVISI SDM & UMUM', 'DIVISI', ''),
('SKA', 'SKAI', 'DIVISI', ''),
('SKM', 'BAGIAN SKMR', 'BAGIAN', ''),
('TRS', 'DIVISI TREASURY', 'DIVISI', ''),
('TSI', 'DIVISI TSI', 'DIVISI', '');

-- --------------------------------------------------------

--
-- Table structure for table `tbl_kinerja`
--

CREATE TABLE `tbl_kinerja` (
  `kd_kinerja` int(11) NOT NULL,
  `kd_parameter` varchar(10) NOT NULL,
  `nrp` varchar(50) NOT NULL,
  `kd_unit` int(11) NOT NULL,
  `kd_cabang` varchar(11) NOT NULL,
  `target` double NOT NULL,
  `realisasi` double NOT NULL,
  `pencapaian` double NOT NULL,
  `nilai` double NOT NULL,
  `sub_bobot` double NOT NULL,
  `sub_score` double NOT NULL,
  `kpi_bobot` double NOT NULL,
  `kpi_score` double NOT NULL,
  `bobot_perspektif` double NOT NULL,
  `total_score` double NOT NULL
) ENGINE=InnoDB DEFAULT CHARSET=latin1;

--
-- Dumping data for table `tbl_kinerja`
--

INSERT INTO `tbl_kinerja` (`kd_kinerja`, `kd_parameter`, `nrp`, `kd_unit`, `kd_cabang`, `target`, `realisasi`, `pencapaian`, `nilai`, `sub_bobot`, `sub_score`, `kpi_bobot`, `kpi_score`, `bobot_perspektif`, `total_score`) VALUES
(213, '1', '00084', 1, '001', 0, 0, 0, 0, 0, 0, 20, 0, 0, 0),
(214, '2', '00084', 1, '001', 0, 0, 0, 0, 0, 0, 20, 0, 0, 0),
(215, '3', '00084', 1, '001', 0, 0, 0, 0, 0, 0, 20, 0, 0, 0),
(216, '4', '00084', 1, '001', 0, 0, 0, 0, 0, 0, 20, 0, 0, 0),
(217, '5', '00084', 1, '001', 0, 0, 0, 0, 0, 0, 20, 0, 0, 0),
(218, '6', '00084', 1, '001', 0, 0, 0, 0, 0, 0, 0, 0, 0, 0),
(219, '7', '00084', 1, '001', 0, 0, 0, 0, 0, 0, 100, 0, 45, 0),
(220, '8', '00084', 1, '001', 0, 0, 0, 0, 0, 0, 40, 0, 0, 0),
(221, '9', '00084', 1, '001', 0, 0, 0, 0, 0, 0, 30, 0, 0, 0),
(222, '10', '00084', 1, '001', 0, 0, 0, 0, 0, 0, 30, 0, 0, 0),
(223, '11', '00084', 1, '001', 0, 0, 0, 0, 0, 0, 100, 0, 35, 0),
(224, '12', '00084', 1, '001', 0, 0, 0, 0, 100, 0, 0, 0, 0, 0),
(225, '13', '00084', 1, '001', 0, 0, 0, 0, 0, 0, 50, 0, 0, 0),
(226, '14', '00084', 1, '001', 0, 0, 0, 100, 50, 50, 0, 0, 0, 0),
(227, '15', '00084', 1, '001', 0, 0, 0, 100, 50, 50, 0, 0, 0, 0),
(228, '16', '00084', 1, '001', 0, 0, 0, 0, 0, 100, 50, 50, 0, 0),
(229, '17', '00084', 1, '001', 0, 0, 0, 0, 0, 0, 10, 0, 0, 0),
(230, '18', '00084', 1, '001', 0, 0, 0, 0, 0, 0, -10, 0, 0, 0),
(231, '19', '00084', 1, '001', 0, 0, 0, 0, 0, 0, 100, 50, 20, 10),
(232, '20', '00084', 1, '001', 0, 0, 0, 0, 0, 0, 0, 0, 100, 10),
(233, '1', '00160', 1, '001', 0, 0, 0, 0, 0, 0, 20, 0, 0, 0),
(234, '2', '00160', 1, '001', 0, 0, 0, 0, 0, 0, 20, 0, 0, 0),
(235, '3', '00160', 1, '001', 0, 0, 0, 0, 0, 0, 20, 0, 0, 0),
(236, '4', '00160', 1, '001', 0, 0, 0, 0, 0, 0, 20, 0, 0, 0),
(237, '5', '00160', 1, '001', 0, 0, 0, 0, 0, 0, 20, 0, 0, 0),
(238, '6', '00160', 1, '001', 0, 0, 0, 0, 0, 0, 0, 0, 0, 0),
(239, '7', '00160', 1, '001', 0, 0, 0, 0, 0, 0, 100, 0, 45, 0),
(240, '8', '00160', 1, '001', 0, 0, 0, 0, 0, 0, 40, 0, 0, 0),
(241, '9', '00160', 1, '001', 0, 0, 0, 0, 0, 0, 30, 0, 0, 0),
(242, '10', '00160', 1, '001', 0, 0, 0, 0, 0, 0, 30, 0, 0, 0),
(243, '11', '00160', 1, '001', 0, 0, 0, 0, 0, 0, 100, 0, 35, 0),
(244, '12', '00160', 1, '001', 0, 0, 0, 0, 100, 0, 0, 0, 0, 0),
(245, '13', '00160', 1, '001', 0, 0, 0, 0, 0, 0, 50, 0, 0, 0),
(246, '14', '00160', 1, '001', 0, 0, 0, 100, 50, 50, 0, 0, 0, 0),
(247, '15', '00160', 1, '001', 0, 0, 0, 100, 50, 50, 0, 0, 0, 0),
(248, '16', '00160', 1, '001', 0, 0, 0, 0, 0, 100, 50, 50, 0, 0),
(249, '17', '00160', 1, '001', 0, 0, 0, 0, 0, 0, 10, 0, 0, 0),
(250, '18', '00160', 1, '001', 0, 0, 0, 0, 0, 0, -10, 0, 0, 0),
(251, '19', '00160', 1, '001', 0, 0, 0, 0, 0, 0, 100, 50, 20, 10),
(252, '20', '00160', 1, '001', 0, 0, 0, 0, 0, 0, 0, 0, 100, 10),
(253, '1', '00229', 1, '001', 0, 0, 0, 0, 0, 0, 20, 0, 0, 0),
(254, '2', '00229', 1, '001', 0, 0, 0, 0, 0, 0, 20, 0, 0, 0),
(255, '3', '00229', 1, '001', 0, 0, 0, 0, 0, 0, 20, 0, 0, 0),
(256, '4', '00229', 1, '001', 0, 0, 0, 0, 0, 0, 20, 0, 0, 0),
(257, '5', '00229', 1, '001', 0, 0, 0, 0, 0, 0, 20, 0, 0, 0),
(258, '6', '00229', 1, '001', 0, 0, 0, 0, 0, 0, 0, 0, 0, 0),
(259, '7', '00229', 1, '001', 0, 0, 0, 0, 0, 0, 100, 0, 45, 0),
(260, '8', '00229', 1, '001', 0, 0, 0, 0, 0, 0, 40, 0, 0, 0),
(261, '9', '00229', 1, '001', 0, 0, 0, 0, 0, 0, 30, 0, 0, 0),
(262, '10', '00229', 1, '001', 0, 0, 0, 0, 0, 0, 30, 0, 0, 0),
(263, '11', '00229', 1, '001', 0, 0, 0, 0, 0, 0, 100, 0, 35, 0),
(264, '12', '00229', 1, '001', 0, 0, 0, 0, 100, 0, 0, 0, 0, 0),
(265, '13', '00229', 1, '001', 0, 0, 0, 0, 0, 0, 50, 0, 0, 0),
(266, '14', '00229', 1, '001', 0, 0, 0, 100, 50, 50, 0, 0, 0, 0),
(267, '15', '00229', 1, '001', 0, 0, 0, 100, 50, 50, 0, 0, 0, 0),
(268, '16', '00229', 1, '001', 0, 0, 0, 0, 0, 100, 50, 50, 0, 0),
(269, '17', '00229', 1, '001', 0, 0, 0, 0, 0, 0, 10, 0, 0, 0),
(270, '18', '00229', 1, '001', 0, 0, 0, 0, 0, 0, -10, 0, 0, 0),
(271, '19', '00229', 1, '001', 0, 0, 0, 0, 0, 0, 100, 50, 20, 10),
(272, '20', '00229', 1, '001', 0, 0, 0, 0, 0, 0, 0, 0, 100, 10),
(273, '1', '00057', 1, '005', 0, 0, 0, 0, 0, 0, 20, 0, 0, 0),
(274, '2', '00057', 1, '005', 0, 0, 0, 0, 0, 0, 20, 0, 0, 0),
(275, '3', '00057', 1, '005', 0, 0, 0, 0, 0, 0, 20, 0, 0, 0),
(276, '4', '00057', 1, '005', 0, 0, 0, 0, 0, 0, 20, 0, 0, 0),
(277, '5', '00057', 1, '005', 0, 0, 0, 0, 0, 0, 20, 0, 0, 0),
(278, '6', '00057', 1, '005', 0, 0, 0, 0, 0, 0, 0, 0, 0, 0),
(279, '7', '00057', 1, '005', 0, 0, 0, 0, 0, 0, 100, 0, 45, 0),
(280, '8', '00057', 1, '005', 0, 0, 0, 0, 0, 0, 40, 0, 0, 0),
(281, '9', '00057', 1, '005', 0, 0, 0, 0, 0, 0, 30, 0, 0, 0),
(282, '10', '00057', 1, '005', 0, 0, 0, 0, 0, 0, 30, 0, 0, 0),
(283, '11', '00057', 1, '005', 0, 0, 0, 0, 0, 0, 100, 0, 35, 0),
(284, '12', '00057', 1, '005', 0, 0, 0, 0, 100, 0, 0, 0, 0, 0),
(285, '13', '00057', 1, '005', 0, 0, 0, 0, 0, 0, 50, 0, 0, 0),
(286, '14', '00057', 1, '005', 0, 0, 0, 100, 50, 50, 0, 0, 0, 0),
(287, '15', '00057', 1, '005', 0, 0, 0, 100, 50, 50, 0, 0, 0, 0),
(288, '16', '00057', 1, '005', 0, 0, 0, 0, 0, 100, 50, 50, 0, 0),
(289, '17', '00057', 1, '005', 0, 0, 0, 0, 0, 0, 10, 0, 0, 0),
(290, '18', '00057', 1, '005', 0, 0, 0, 0, 0, 0, -10, 0, 0, 0),
(291, '19', '00057', 1, '005', 0, 0, 0, 0, 0, 0, 100, 50, 20, 10),
(292, '20', '00057', 1, '005', 0, 0, 0, 0, 0, 0, 0, 0, 100, 10),
(293, '1', '00196', 1, '005', 0, 0, 0, 0, 0, 0, 20, 0, 0, 0),
(294, '2', '00196', 1, '005', 0, 0, 0, 0, 0, 0, 20, 0, 0, 0),
(295, '3', '00196', 1, '005', 0, 0, 0, 0, 0, 0, 20, 0, 0, 0),
(296, '4', '00196', 1, '005', 0, 0, 0, 0, 0, 0, 20, 0, 0, 0),
(297, '5', '00196', 1, '005', 0, 0, 0, 0, 0, 0, 20, 0, 0, 0),
(298, '6', '00196', 1, '005', 0, 0, 0, 0, 0, 0, 0, 0, 0, 0),
(299, '7', '00196', 1, '005', 0, 0, 0, 0, 0, 0, 100, 0, 45, 0),
(300, '8', '00196', 1, '005', 0, 0, 0, 0, 0, 0, 40, 0, 0, 0),
(301, '9', '00196', 1, '005', 0, 0, 0, 0, 0, 0, 30, 0, 0, 0),
(302, '10', '00196', 1, '005', 0, 0, 0, 0, 0, 0, 30, 0, 0, 0),
(303, '11', '00196', 1, '005', 0, 0, 0, 0, 0, 0, 100, 0, 35, 0),
(304, '12', '00196', 1, '005', 0, 0, 0, 0, 100, 0, 0, 0, 0, 0),
(305, '13', '00196', 1, '005', 0, 0, 0, 0, 0, 0, 50, 0, 0, 0),
(306, '14', '00196', 1, '005', 0, 0, 0, 100, 50, 50, 0, 0, 0, 0),
(307, '15', '00196', 1, '005', 0, 0, 0, 100, 50, 50, 0, 0, 0, 0),
(308, '16', '00196', 1, '005', 0, 0, 0, 0, 0, 100, 50, 50, 0, 0),
(309, '17', '00196', 1, '005', 0, 0, 0, 0, 0, 0, 10, 0, 0, 0),
(310, '18', '00196', 1, '005', 0, 0, 0, 0, 0, 0, -10, 0, 0, 0),
(311, '19', '00196', 1, '005', 0, 0, 0, 0, 0, 0, 100, 50, 20, 10),
(312, '20', '00196', 1, '005', 0, 0, 0, 0, 0, 0, 0, 0, 100, 10),
(313, '1', '00524', 1, '005', 0, 0, 0, 0, 0, 0, 20, 0, 0, 0),
(314, '2', '00524', 1, '005', 0, 0, 0, 0, 0, 0, 20, 0, 0, 0),
(315, '3', '00524', 1, '005', 0, 0, 0, 0, 0, 0, 20, 0, 0, 0),
(316, '4', '00524', 1, '005', 0, 0, 0, 0, 0, 0, 20, 0, 0, 0),
(317, '5', '00524', 1, '005', 0, 0, 0, 0, 0, 0, 20, 0, 0, 0),
(318, '6', '00524', 1, '005', 0, 0, 0, 0, 0, 0, 0, 0, 0, 0),
(319, '7', '00524', 1, '005', 0, 0, 0, 0, 0, 0, 100, 0, 45, 0),
(320, '8', '00524', 1, '005', 0, 0, 0, 0, 0, 0, 40, 0, 0, 0),
(321, '9', '00524', 1, '005', 0, 0, 0, 0, 0, 0, 30, 0, 0, 0),
(322, '10', '00524', 1, '005', 0, 0, 0, 0, 0, 0, 30, 0, 0, 0),
(323, '11', '00524', 1, '005', 0, 0, 0, 0, 0, 0, 100, 0, 35, 0),
(324, '12', '00524', 1, '005', 0, 0, 0, 0, 100, 0, 0, 0, 0, 0),
(325, '13', '00524', 1, '005', 0, 0, 0, 0, 0, 0, 50, 0, 0, 0),
(326, '14', '00524', 1, '005', 0, 0, 0, 100, 50, 50, 0, 0, 0, 0),
(327, '15', '00524', 1, '005', 0, 0, 0, 100, 50, 50, 0, 0, 0, 0),
(328, '16', '00524', 1, '005', 0, 0, 0, 0, 0, 100, 50, 50, 0, 0),
(329, '17', '00524', 1, '005', 0, 0, 0, 0, 0, 0, 10, 0, 0, 0),
(330, '18', '00524', 1, '005', 0, 0, 0, 0, 0, 0, -10, 0, 0, 0),
(331, '19', '00524', 1, '005', 0, 0, 0, 0, 0, 0, 100, 50, 20, 10),
(332, '20', '00524', 1, '005', 0, 0, 0, 0, 0, 0, 0, 0, 100, 10);

-- --------------------------------------------------------

--
-- Table structure for table `tbl_parameter`
--

CREATE TABLE `tbl_parameter` (
  `kd_perspektif` int(11) NOT NULL,
  `kd_parameter` varchar(10) NOT NULL,
  `kd_unit` int(11) NOT NULL,
  `Nomor` varchar(5) NOT NULL,
  `nama_parameter` text NOT NULL,
  `kd_kpi` double NOT NULL,
  `kpi_sub` double NOT NULL,
  `bobot_pers` double NOT NULL,
  `kode` int(11) NOT NULL
) ENGINE=InnoDB DEFAULT CHARSET=latin1;

--
-- Dumping data for table `tbl_parameter`
--

INSERT INTO `tbl_parameter` (`kd_perspektif`, `kd_parameter`, `kd_unit`, `Nomor`, `nama_parameter`, `kd_kpi`, `kpi_sub`, `bobot_pers`, `kode`) VALUES
(1, '1', 6, 'X', 'Pertumbuhan Kredit', 0, 50, 0, 0),
(1, '2', 6, '2', 'NPL(%)', 0, 50, 0, 1),
(1, '3', 6, '3', 'Layanan Jasa (fee base)', 0, 0, 0, 2),
(1, '4', 6, 'A', 'PEMASARAN KREDIT', 50, 0, 0, 3),
(1, '5', 6, '1', 'Pertumbuhan Dana', 0, 100, 0, 4),
(1, '6', 6, 'B', 'PEMASARAN DANA', 50, 0, 0, 5),
(1, '7', 6, 'J', 'JUMLAH', 0, 0, 40, 6),
(2, '8', 6, 'X', 'Pelayanan Kredit (Prospek)', 0, 50, 0, 7),
(2, '9', 6, '2', 'Tindak Lanjut Hasil Prospek', 0, 50, 0, 8),
(2, '10', 6, 'A', 'LAYANAN KREDIT', 50, 0, 0, 9),
(2, '11', 6, '1', 'Administrasi Kunjungan Nasabah', 0, 35, 0, 10),
(2, '12', 6, '2', 'Sosialisasi Produk Dana', 0, 35, 0, 11),
(2, '13', 6, '3', 'Pengarsipan', 0, 30, 0, 12),
(2, '14', 6, '4', 'Tindak Lanjut LHP', 0, 0, 0, 13),
(2, '15', 6, 'B', 'LAYANAN DANA', 50, 0, 0, 14),
(2, '16', 6, 'J', 'JUMLAH', 0, 0, 20, 15),
(3, '17', 6, 'X', 'ADM KREDIT', 25, 0, 0, 16),
(3, '18', 6, '1', 'Kebenaran Laporan', 0, 50, 0, 17),
(3, '19', 6, '2', 'Ketepatan Waktu Penyampaian', 0, 50, 0, 18),
(3, '20', 6, 'B', 'KEWAJIBAN LAPORAN', 25, 0, 0, 19),
(3, '21', 6, '3', 'PENGARSIPAN', 25, 0, 0, 20),
(3, '22', 6, '4', 'TINDAK LANJUT PHP', 25, 0, 0, 21),
(3, '23', 6, 'J', 'JUMLAH', 0, 0, 20, 22),
(4, '24', 6, 'X', 'Mengikuti Rapat Rutin', 0, 100, 0, 23),
(4, '25', 6, 'A', 'MANAGERIAL', 35, 0, 0, 24),
(4, '26', 6, '1', 'Absensi', 0, 50, 0, 25),
(4, '27', 6, '2', 'Grooming', 0, 50, 0, 26),
(4, '28', 6, 'B', 'BUDAYA KERJA', 40, 0, 0, 27),
(4, '29', 6, '1', 'Faktor Penambah', 0, 100, 0, 28),
(4, '30', 6, '2', 'Faktor Pengurang', 0, 100, 0, 29),
(4, '31', 6, 'C', 'FAKTOR PENAMBAH/PENGURANG', 25, 0, 0, 30),
(4, '32', 6, 'J', 'JUMLAH', 0, 0, 20, 31),
(5, '33', 6, 'T', 'TOTAL KESELURUHAN', 0, 0, 0, 32),
(1, '1', 7, 'X', 'RASIO KEUANGAN\r\n', 0, 0, 0, 33),
(1, '2', 7, 'J', 'JUMLAH', 0, 0, 0, 34),
(2, '3', 7, 'X', 'Security', 0, 10, 0, 35),
(2, '4', 7, '2', 'Customer Service', 0, 35, 0, 36),
(2, '5', 7, '3', 'Teller', 0, 10, 0, 37),
(2, '6', 7, '4', 'Penerimaan Telp', 0, 35, 0, 38),
(2, '7', 7, '5', 'Toilet\r\n', 10, 0, 0, 39),
(2, '8', 7, 'A', 'BUDAYA LAYANAN', 100, 0, 0, 40),
(2, '9', 7, 'J', 'JUMLAH', 0, 0, 40, 41),
(3, '10', 7, 'X', 'ATM', 25, 0, 0, 42),
(3, '11', 7, '1', 'Pelaporan', 0, 50, 0, 43),
(3, '12', 7, '2', 'Pelimpahan', 0, 50, 0, 44),
(3, '13', 7, 'B', 'KEGIATAN SUNDRIES', 20, 0, 0, 45),
(3, '14', 7, '1', 'Kebenaran Laporan', 0, 50, 0, 46),
(3, '15', 7, '2', 'Ketepatan Waktu Penyampaian', 0, 50, 0, 47),
(3, '16', 7, 'C', 'KEWAJIBAN PELAPORAN', 20, 0, 0, 48),
(3, '17', 7, '4', 'PENGARSIPAN', 20, 0, 0, 49),
(3, '18', 7, '5', 'TINDAK LANJUT LHP', 20, 0, 0, 50),
(3, '19', 7, 'J', 'JUMLAH', 0, 0, 40, 51),
(4, '20', 7, 'X', 'Mengikuti Rapat Rutin', 0, 100, 0, 52),
(4, '21', 7, 'A', 'MANAGERIAL', 35, 0, 0, 53),
(4, '22', 7, '1', 'Absensi', 0, 50, 0, 54),
(4, '23', 7, '2', 'Grooming', 0, 50, 0, 55),
(4, '24', 7, 'B', 'BUDAYA KERJA', 40, 0, 0, 56),
(4, '25', 7, '1', 'Faktor Penambah', 0, 100, 0, 57),
(4, '26', 7, '2', 'Faktor Pengurang', 0, 100, 0, 58),
(4, '27', 7, 'C', 'FAKTOR PENAMBAH/PENGURANG', 25, 0, 0, 59),
(4, '28', 7, 'J', 'JUMLAH', 0, 0, 20, 60),
(5, '29', 7, 'T', 'TOTAL KESELURUHAN', 0, 0, 0, 61),
(1, '1', 8, 'X', 'Pertumbuhan Dana', 100, 0, 0, 62),
(1, '2', 8, 'J', 'JUMLAH', 0, 0, 30, 63),
(2, '3', 8, 'X', 'Pelayanan Nasabah', 50, 0, 0, 64),
(2, '4', 8, '2', 'Prospek Nasabah Baru', 50, 0, 0, 65),
(2, '5', 8, '3', 'Penambahan Customer Base', 0, 0, 0, 66),
(2, '6', 8, 'J', 'JUMLAH', 0, 0, 30, 67),
(3, '7', 8, 'X', 'Administrasi Kunjungan Nasabah', 35, 0, 0, 68),
(3, '8', 8, '2', 'Sosialisasi Produk Dana', 35, 0, 0, 69),
(3, '9', 8, '3', 'Pengarisipan', 30, 0, 0, 70),
(3, '10', 8, '4', 'Tindak Lanjut LHP', 0, 0, 0, 71),
(3, '11', 8, 'J', 'JUMLAH', 0, 0, 20, 72),
(4, '12', 8, 'X', 'Mengikuti Rapat Rutin\r\n', 0, 100, 0, 73),
(4, '13', 8, 'A', 'MANAGERIAL\r\n', 35, 0, 0, 74),
(4, '14', 8, '1', 'Absensi', 0, 50, 0, 75),
(4, '15', 8, '2', 'Grooming', 0, 50, 0, 76),
(4, '16', 8, 'B', 'Budaya Kerja', 40, 0, 0, 77),
(4, '17', 8, '1', 'Faktor Penambah\r\n', 0, 100, 0, 78),
(4, '18', 8, '2', 'Faktor Pengurang', 0, 100, 0, 79),
(4, '19', 8, 'C', 'FAKTOR PENAMBAH/PENGURANG\r\n', 25, 0, 0, 80),
(4, '20', 8, 'J', 'JUMLAH', 0, 0, 20, 81),
(5, '21', 8, 'J', 'TOTAL SCORE', 0, 0, 0, 82),
(1, '1', 9, 'X', 'Pertumbuhan Kredit\r\n', 50, 0, 0, 83),
(1, '2', 9, '2', 'NPL (%)\r\n', 50, 0, 0, 84),
(1, '3', 9, '3', 'Layanan Jasa (fee base)\r\n', 0, 0, 0, 85),
(1, '4', 9, 'J', 'JUMLAH', 0, 0, 30, 86),
(2, '5', 9, 'X', 'Pelayanan Kredit (Prospek)\r\n', 40, 0, 0, 87),
(2, '6', 9, '2', 'Tindak Lanjut Hasil Prospek \r\n', 60, 0, 0, 88),
(2, '7', 9, 'J', 'JUMLAH', 0, 0, 30, 89),
(3, '8', 9, 'X', 'Kelengkapan adm. Kredit\r\n', 50, 0, 0, 90),
(3, '9', 9, '2', 'Pengarsipan\r\n', 50, 0, 0, 91),
(3, '10', 9, '3', 'Tindak Lanjut LHP\r\n', 0, 0, 0, 92),
(3, '11', 9, 'J', 'JUMLAH	\r\n', 0, 0, 20, 93),
(4, '12', 9, 'X', 'Mengikuti Rapat Rutin\r\n', 0, 100, 0, 94),
(4, '13', 9, 'A', 'MANAGERIAL\r\n', 35, 0, 0, 95),
(4, '14', 9, '1', 'Absensi', 0, 50, 0, 96),
(4, '15', 9, '2', 'Grooming', 0, 50, 0, 97),
(4, '16', 9, 'B', 'BUDAYA KERJA', 40, 0, 0, 98),
(4, '17', 9, '1', 'Faktor Penambah\r\n', 0, 100, 0, 99),
(4, '18', 9, '2', 'Faktor Pengurang\r\n', 0, 100, 0, 100),
(4, '19', 9, 'C', 'FAKTOR PENAMBAH/PENGURANG\r\n', 25, 0, 0, 101),
(4, '20', 9, 'J', 'JUMLAH	\r\n', 0, 0, 20, 102),
(5, '21', 9, 'T', 'Total Score	\r\n', 0, 0, 0, 103),
(1, '1', 10, 'X', 'Hasil Penagihan\r\n', 100, 0, 0, 104),
(1, '2', 10, 'J', 'JUMLAH	\r\n', 0, 0, 30, 105),
(2, '3', 10, 'X', 'Frequency penagihan\r\n', 0, 0, 0, 106),
(2, '4', 10, 'J', 'JUMLAH	\r\n', 0, 0, 30, 107),
(3, '5', 10, 'X', 'Kelengkapan adm. Penagihan Kredit\r\n', 50, 0, 0, 108),
(3, '6', 10, '2', 'Pengarsipan\r\n', 50, 0, 0, 109),
(3, '7', 10, '3', 'Tindak Lanjut LHP\r\n', 0, 0, 0, 110),
(3, '8', 10, 'J', 'JUMLAH	\r\n', 0, 0, 20, 111),
(4, '9', 10, 'X', 'Mengikuti Rapat Rutin\r\n', 1, 100, 0, 112),
(4, '10', 10, 'A', 'MANAGERIAL\r\n', 35, 0, 0, 113),
(4, '11', 10, '1', 'Absensi', 0, 50, 0, 114),
(4, '12', 10, '2', 'Grooming', 0, 50, 0, 115),
(4, '13', 10, 'B', 'BUDAYA KERJA\r\n', 40, 0, 0, 116),
(4, '14', 10, '1', 'Faktor Penambah\r\n', 0, 100, 0, 117),
(4, '15', 10, '2', 'Faktor Pengurang\r\n', 0, 100, 0, 118),
(4, '16', 10, 'C', 'FAKTOR PENAMBAH/PENGURANG\r\n', 25, 0, 0, 119),
(4, '17', 10, 'J', 'JUMLAH	\r\n', 0, 0, 20, 120),
(5, '18', 10, 'T', 'Total Score	\r\n', 0, 0, 0, 121),
(1, '1', 11, 'X', 'Selisih Kas (Frequensi)\r\n', 50, 0, 0, 122),
(1, '2', 11, '2', 'Selisih Kas (Nominal)\r\n', 50, 0, 0, 123),
(1, '3', 11, 'J', 'JUMLAH	\r\n', 0, 0, 20, 124),
(2, '4', 11, 'X', 'Standar layanan Teller\r\n', 50, 0, 0, 125),
(2, '5', 11, '2', 'Waktu Pelayanan\r\n', 50, 0, 0, 126),
(2, '6', 11, 'J', 'JUMLAH	\r\n', 0, 0, 30, 127),
(3, '7', 11, 'X', 'Kesalahan Pembukuan\r\n', 25, 0, 0, 128),
(3, '8', 11, '2', 'Penerapan APU/PPT\r\n', 25, 0, 0, 129),
(3, '9', 11, '3', 'Deteksi keaslian uang\r\n', 25, 0, 0, 130),
(3, '10', 11, '4', 'Keabsahan warkat transaksi\r\n', 0, 0, 0, 131),
(3, '11', 11, '5', 'Tindak Lanjut LHP\r\n', 0, 0, 0, 132),
(3, '12', 11, 'J', 'JUMLAH	\r\n', 0, 0, 30, 133),
(4, '13', 11, 'X', 'Mengikuti Rapat Rutin\r\n', 0, 100, 0, 134),
(4, '14', 11, 'A', 'MANAGERIAL', 35, 0, 0, 135),
(4, '15', 11, '1', 'Absensi', 0, 50, 0, 136),
(4, '16', 11, '2', 'Grooming', 0, 50, 0, 137),
(4, '17', 11, 'B', 'BUDAYA KERJA', 40, 0, 0, 138),
(4, '18', 11, '1', 'Faktor Penambah\r\n', 0, 100, 0, 139),
(4, '19', 11, '2', 'Faktor Pengurang', 0, 100, 0, 140),
(4, '20', 11, 'C', 'FAKTOR PENAMBAH/PENGURANG', 25, 0, 0, 141),
(4, '21', 11, 'J', 'JUMLAH', 0, 0, 20, 142),
(5, '22', 11, 'T', 'TOTAL SCORE', 0, 0, 0, 143),
(3, '1', 12, 'X', 'Kesalahan Pembukuan\r\n', 25, 0, 0, 144),
(3, '2', 12, '2', 'Keabsahan warkat transaksi\r\n', 25, 0, 0, 145),
(3, '3', 12, '3', 'Tindak Lanjut LHP\r\n', 0, 0, 0, 146),
(3, '4', 12, 'J', 'JUMLAH', 0, 0, 80, 147),
(4, '5', 12, 'X', 'Mengikuti Rapat Rutin\r\n', 0, 100, 0, 148),
(4, '6', 12, 'A', 'MANAGERIAL', 35, 0, 0, 149),
(4, '7', 12, '1', 'Absensi', 0, 50, 0, 150),
(4, '8', 12, '2', 'Grooming', 0, 50, 0, 151),
(4, '9', 12, 'B', 'BUDAYA KERJA', 40, 0, 0, 152),
(4, '10', 12, '1', 'Faktor Penambah\r\n', 0, 100, 0, 153),
(4, '11', 12, '2', 'Faktor Pengurang', 0, 100, 0, 154),
(4, '12', 12, 'C', 'FAKTOR PENAMBAH/PENGURANG\r\n', 25, 0, 0, 155),
(4, '13', 12, 'J', 'JUMLAH', 0, 0, 20, 156),
(5, '14', 12, 'T', 'TOTAL SCORE', 0, 0, 0, 157),
(1, '1', 13, 'X', 'Denda Keterlambatan Pembayaran Kewajiban\r\n', 100, 0, 0, 158),
(1, '2', 13, 'J', 'JUMLAH', 0, 0, 20, 159),
(2, '3', 13, 'X', 'Pemenuhan Kebutuhan alat tulis cetak\r\n', 50, 0, 0, 160),
(2, '4', 13, '2', 'Pemeliharaan Aktiva\r\n', 0, 0, 0, 161),
(2, '5', 13, '3', 'Kebersihan Kantor\r\n', 50, 0, 0, 162),
(2, '6', 13, 'J', 'JUMLAH', 0, 0, 30, 163),
(3, '7', 13, 'X', 'Administrasi Aktiva\r\n', 25, 0, 0, 164),
(3, '8', 13, '2', 'Penyelesaian UUDP\r\n', 25, 0, 0, 165),
(3, '9', 13, '3', 'Administrasi Surat Berharga & Persediaan\r\n', 25, 0, 0, 166),
(3, '10', 13, '4', 'Pengarsipan\r\n', 25, 0, 0, 167),
(3, '11', 13, '5', 'TINDAK LANJUT LHP\r\n', 0, 0, 0, 168),
(3, '12', 13, 'J', 'JUMLAH	\r\n', 0, 0, 30, 169),
(4, '13', 13, 'X', 'Mengikuti Rapat Rutin\r\n', 0, 100, 0, 170),
(4, '14', 13, 'A', 'MANAGERIAL', 35, 0, 0, 171),
(4, '15', 13, '1', 'Absensi', 0, 50, 0, 172),
(4, '16', 13, '2', 'Grooming', 0, 50, 0, 173),
(4, '17', 13, 'B', 'BUDAYA KERJA', 40, 0, 0, 174),
(4, '18', 13, '1', 'Faktor Penambah\r\n', 0, 100, 0, 175),
(4, '19', 13, '2', 'Faktor Penambah\r\n', 0, 100, 0, 176),
(4, '20', 13, 'C', 'FAKTOR PENAMBAH/PENGURANG\r\n', 25, 0, 0, 177),
(4, '21', 13, 'J', 'JUMLAH	\r\n', 0, 0, 20, 178),
(5, '22', 13, 'T', 'Total Score	\r\n', 0, 0, 0, 179),
(1, '1', 14, 'X', 'Selisih Transaksi (Frequensi)\r\n', 50, 0, 0, 180),
(1, '2', 14, '2', 'Selisih Transaksi (Nominal)\r\n', 50, 0, 0, 181),
(1, '3', 14, 'J', 'JUMLAH	\r\n', 0, 0, 30, 182),
(2, '4', 14, 'X', 'Standar layanan\r\n', 50, 0, 0, 183),
(2, '5', 14, '2', 'Waktu Pelayanan\r\n', 50, 0, 0, 184),
(2, '6', 14, 'J', 'JUMLAH	\r\n', 0, 0, 20, 185),
(3, '7', 14, 'X', 'Kesalahan Pembukuan\r\n', 25, 0, 0, 186),
(3, '8', 14, '2', 'Keabsahan warkat transaksi\r\n', 25, 0, 0, 187),
(3, '9', 14, '3', 'Tindak Lanjut LHP\r\n', 0, 0, 0, 188),
(3, '10', 14, 'J', 'JUMLAH	\r\n', 0, 0, 30, 189),
(4, '11', 14, 'X', 'Mengikuti Rapat Rutin\r\n', 0, 100, 0, 190),
(4, '12', 14, 'A', 'MANAGERIAL', 35, 0, 0, 191),
(4, '13', 14, '1', 'Absensi', 0, 50, 0, 192),
(4, '14', 14, '2', 'Groooming', 0, 50, 0, 193),
(4, '15', 14, 'B', 'BUDAYA KERJA', 40, 0, 0, 194),
(4, '16', 14, '1', 'Faktor Penambah', 0, 100, 0, 195),
(4, '17', 14, '2', 'Faktor Pengurang', 0, 100, 0, 196),
(4, '18', 14, 'C', 'FAKTOR PENGURANG/PENAMBAH', 25, 0, 0, 197),
(4, '19', 14, 'J', 'JUMLAH	\r\n', 0, 0, 20, 198),
(5, '20', 14, 'T', 'Total Score	\r\n', 0, 0, 0, 199),
(2, '1', 15, 'X', 'Standar layanan Customer Service\r\n', 50, 0, 0, 200),
(2, '2', 15, '2', 'Waktu Pelayanan\r\n', 50, 0, 0, 201),
(2, '3', 15, 'J', 'JUMLAH	\r\n', 0, 0, 40, 202),
(3, '4', 15, 'X', 'Kesalahan Pembukuan\r\n', 25, 0, 0, 203),
(3, '5', 15, '2', 'Penerapan APU/PPT\r\n', 25, 0, 0, 204),
(3, '6', 15, '3', 'Kelengkapan Dokumen Pembukaan Rekening\r\n', 25, 0, 0, 205),
(3, '7', 15, '4', 'Pengarsipan\r\n', 25, 0, 0, 206),
(3, '8', 15, '5', 'Tindak Lanjut LHP\r\n', 0, 0, 0, 207),
(3, '9', 15, 'J', 'JUMLAH', 0, 0, 40, 208),
(4, '10', 15, 'X', 'Mengikuti Rapat Rutin\r\n', 0, 100, 0, 209),
(4, '11', 15, 'A', 'MANAGERIAL', 35, 0, 0, 210),
(4, '12', 15, '1', 'Absensi', 0, 50, 0, 211),
(4, '13', 15, '2', 'Grooming', 0, 50, 0, 212),
(4, '14', 15, 'B', 'BUDAYA KERJA', 40, 0, 0, 213),
(4, '15', 15, '1', 'Faktor Penambah', 0, 100, 0, 214),
(4, '16', 15, '2', 'Faktor Pengurang', 0, 100, 0, 215),
(4, '17', 15, 'C', 'FAKTOR PENAMBAH/PENGURANG', 25, 0, 0, 216),
(4, '18', 15, 'J', 'JUMLAH', 0, 0, 20, 217),
(5, '19', 15, 'T', 'Total Score', 0, 0, 0, 218),
(3, '1', 16, 'X', 'Kesalahan Verifikasi\r\n', 50, 0, 0, 219),
(3, '2', 16, '2', 'Keabsahan warkat transaksi\r\n', 30, 0, 0, 220),
(3, '3', 16, '3', 'Pengarsipan\r\n', 20, 0, 0, 221),
(3, '4', 16, '4', 'Tindak Lanjut LHP\r\n', 0, 0, 0, 222),
(3, '5', 16, 'J', 'JUMLAH	\r\n', 0, 0, 80, 223),
(4, '6', 16, 'X', 'Mengikuti Rapat Rutin\r\n', 0, 100, 0, 224),
(4, '7', 16, 'A', 'MANAGERIAL', 35, 0, 0, 225),
(4, '8', 16, '1', 'Absensi', 0, 50, 0, 226),
(4, '9', 16, '2', 'Grooming', 0, 50, 0, 227),
(4, '10', 16, 'B', 'BUDAYA KERJA', 40, 0, 0, 228),
(4, '11', 16, '1', 'Faktor Penambah', 0, 100, 0, 229),
(4, '12', 16, '2', 'Faktor Pengurang', 0, 100, 0, 230),
(4, '13', 16, 'C', 'FAKTOR PENAMBAH/PENGURANG', 25, 0, 0, 231),
(4, '14', 16, 'J', 'JUMLAH', 0, 0, 20, 232),
(5, '15', 16, 'T', 'TOTAL SCORE', 0, 0, 0, 233),
(1, '1', 4, 'X', 'Penghimpunan Dana\r\n', 50, 0, 0, 234),
(1, '2', 4, '2', 'Jumlah Transaksi\r\n', 0, 0, 0, 235),
(1, '3', 4, '3', 'Selisih Kas (Frequensi)\r\n', 50, 0, 0, 236),
(1, '4', 4, 'J', 'JUMLAH', 0, 0, 20, 237),
(2, '5', 4, 'X', 'Standar layanan\r\n', 100, 0, 0, 238),
(2, '6', 4, 'J', 'JUMLAH', 0, 0, 30, 239),
(3, '7', 4, 'X', 'Penerapan APU/PPT\r\n', 50, 0, 0, 240),
(3, '8', 4, '2', 'Kesalahan Verifikasi\r\n', 50, 0, 0, 241),
(3, '9', 4, '3', 'Tindak Lanjut LHP\r\n', 0, 0, 0, 242),
(3, '10', 4, 'J', 'JUMLAH', 0, 0, 30, 243),
(4, '11', 4, 'X', 'Mengikuti Rapat Rutin\r\n', 0, 100, 0, 244),
(4, '12', 4, 'A', 'MANAGERIAL', 35, 0, 0, 245),
(4, '13', 4, '1', 'Absensi', 0, 50, 0, 246),
(4, '14', 4, '2', 'Grooming', 0, 50, 0, 247),
(4, '15', 4, 'B', 'BUDAYA KERJA', 40, 0, 0, 248),
(4, '16', 4, '1', 'Faktor Penambah\r\n', 0, 100, 0, 249),
(4, '17', 4, '2', 'Faktor Pengurang\r\n', 0, 100, 0, 250),
(4, '18', 4, 'C', 'FAKTOR PENAMBAH/PENGURANG\r\n', 25, 0, 0, 251),
(4, '19', 4, 'J', 'JUMLAH	\r\n', 0, 0, 20, 252),
(5, '20', 4, 'T', 'Total Score	\r\n', 0, 0, 0, 253),
(1, '1', 5, 'X', '    Nilai Rata-Rata Cabang\r\n          ', 100, 0, 0, 254),
(1, '2', 5, 'J', 'JUMLAH	\r\n', 0, 0, 35, 255),
(3, '3', 5, 'X', 'Pencapaian Renstra\r\n', 25, 0, 0, 256),
(3, '4', 5, '2', 'Jumlah Aktivitas\r\n', 25, 0, 0, 257),
(3, '5', 5, '1', 'Kebenaran Laporan\r\n', 0, 50, 0, 258),
(3, '6', 5, '2', 'Ketepatan waktu penyampaian\r\n', 0, 50, 0, 259),
(3, '7', 5, 'C', 'Kewajiban Pelaporan\r\n', 25, 0, 0, 260),
(3, '8', 5, '1', 'Tindak Lanjut LHP\r\n', 25, 0, 0, 261),
(3, '9', 5, 'J', 'JUMLAH', 0, 0, 40, 262),
(4, '10', 5, 'X', 'Rapat Rutin\r\n', 0, 100, 0, 263),
(4, '11', 5, 'A', 'MANAGERIAL\r\n', 35, 0, 0, 264),
(4, '12', 5, '1', 'Absensi\r\n', 0, 50, 0, 265),
(4, '13', 5, '2', 'Grrooming', 0, 50, 0, 266),
(4, '14', 5, 'B', 'BUDAYA KERJA\r\n', 40, 0, 0, 267),
(4, '15', 5, '1', 'Faktor Penambah\r\n', 0, 100, 0, 268),
(4, '16', 5, '2', 'Faktor Pengurang\r\n', 0, 100, 0, 269),
(4, '17', 5, 'C', 'FAKTOR PENAMBAH/PENGURANG\r\n\r\n', 25, 0, 0, 270),
(4, '18', 5, 'J', 'JUMLAH', 0, 0, 25, 271),
(5, '19', 5, 'T', 'Total Score	\r\n', 0, 0, 0, 272),
(2, '1', 1, 'X', 'Air /Keran Air tersedia/berfungsi\r\n', 20, 0, 0, 273),
(2, '2', 1, '2', 'Kebersihan dan ketersediaan fasilitas kamar kecil\r\n', 20, 0, 0, 274),
(2, '3', 1, '3', 'Kebersihan Closet/Wastafel \r\n', 20, 0, 0, 275),
(2, '4', 1, '4', 'Kebersihan Lantai, dinding, ubin & Langit-Langit\r\n', 20, 0, 0, 276),
(2, '5', 1, '5', 'Ketersediaan Lampu Penerangan					\r\n', 20, 0, 0, 277),
(2, '6', 1, 'A', 'BUDAYA LAYANAN\r\n', 0, 0, 0, 278),
(2, '7', 1, 'J', 'JUMLAH	\r\n', 0, 0, 45, 279),
(3, '8', 1, 'X', 'KEHADIRAN DITEMPAT KERJA\r\n', 40, 0, 0, 280),
(3, '9', 1, '2', 'PENGISIAN CHECKLIST PEKERJAAN\r\n', 30, 0, 0, 281),
(3, '10', 1, '3', 'PERSEDIAAN ALAT KEBERSIHAN\r\n', 30, 0, 0, 282),
(3, '11', 1, 'J', 'JUMLAH	\r\n', 0, 0, 35, 283),
(4, '12', 1, 'X', 'Rapat Rutin\r\n', 0, 100, 0, 284),
(4, '13', 1, 'A', 'MANAGERIAL', 50, 0, 0, 285),
(4, '14', 1, '1', 'Absensi', 0, 50, 0, 286),
(4, '15', 1, '2', 'Grooming', 0, 50, 0, 287),
(4, '16', 1, 'B', 'BUDAYA KERJA', 50, 0, 0, 288),
(4, '17', 1, 'C', 'FAKTOR PENAMBAH\r\n', 10, 0, 0, 289),
(4, '18', 1, 'D', 'FAKTOR PENGURANG\r\n', -10, 0, 0, 290),
(4, '19', 1, 'J', 'JUMLAH	\r\n', 0, 0, 20, 291),
(5, '20', 1, 'T', 'Total Score	\r\n', 0, 0, 0, 292),
(2, '1', 2, 'X', 'Etika membawa Kendaraan\r\n', 20, 0, 0, 293),
(2, '2', 2, '2', 'Pemeliharaan Kondisi Kendaraan\r\n', 20, 0, 0, 294),
(2, '3', 2, '3', 'Kecepatan Optimal Kendaraan\r\n', 20, 0, 0, 295),
(2, '4', 2, '4', 'Kebersihan Kendaraan \r\n', 20, 0, 0, 296),
(2, '5', 2, 'A', 'BUDAYA LAYANAN\r\n', 0, 0, 0, 297),
(2, '6', 2, 'J', 'JUMLAH	\r\n', 0, 0, 45, 298),
(3, '7', 2, 'X', 'KEHADIRAN DITEMPAT KERJA\r\n', 50, 0, 0, 299),
(3, '8', 2, '2', 'CHECKLIST PEMELIHARAAN KENDARAAN\r\n', 50, 0, 0, 300),
(3, '9', 2, 'J', 'JUMLAH', 0, 0, 35, 301),
(4, '10', 2, 'X', 'Rapat Rutin\r\n', 0, 100, 0, 302),
(4, '11', 2, 'A', 'MANAGERIAL\r\n', 50, 0, 0, 303),
(4, '12', 2, '1', 'Absensi', 0, 50, 0, 304),
(4, '13', 2, '2', 'Grooming', 0, 50, 0, 305),
(4, '14', 2, 'B', 'BUDAYA KERJA', 50, 0, 0, 306),
(4, '15', 2, 'C', 'FAKTOR PENAMBAH', 10, 0, 0, 307),
(4, '16', 2, 'D', 'FAKTOR PENGURANG', -10, 0, 0, 308),
(4, '17', 2, 'J', 'JUMLAH', 0, 0, 20, 309),
(5, '18', 2, 'T', 'Total Score	\r\n', 0, 0, 0, 310),
(2, '1', 3, 'X', 'Menyambut Nasabah \r\n', 25, 0, 0, 311),
(2, '2', 3, '2', 'Mengucapkan greetings \r\n', 25, 0, 0, 312),
(2, '3', 3, '3', 'Bertanya dan mengarahkan tentang kebutuhan nasabah\r\n', 25, 0, 0, 313),
(2, '4', 3, '4', 'Keteraturan Parkir Kendaraan\r\n', 25, 0, 0, 314),
(2, '5', 3, 'A', 'BUDAYA LAYANAN\r\n', 0, 0, 0, 315),
(2, '6', 3, 'J', 'JUMLAH', 0, 0, 45, 316),
(3, '7', 3, 'X', 'KEHADIRAN DITEMPAT KERJA\r\n', 40, 0, 0, 317),
(3, '8', 3, '2', 'KONDISI KEAMANAN \r\n', 30, 0, 0, 318),
(3, '9', 3, '3', 'ADMINISTRASI KEAMANAN\r\n', 30, 0, 0, 319),
(3, '10', 3, 'J', 'JUMLAH	\r\n', 0, 0, 35, 320),
(4, '11', 3, 'X', 'Rapat Rutin\r\n', 0, 100, 0, 321),
(4, '12', 3, 'A', 'MANAGERIAL', 50, 0, 0, 322),
(4, '13', 3, '1', 'Absensi', 0, 50, 0, 323),
(4, '14', 3, '2', 'Grooming', 0, 50, 0, 324),
(4, '15', 3, 'B', 'BUDAYA KERJA', 50, 0, 0, 325),
(4, '16', 3, 'C', 'FAKTOR PENAMBAH\r\n', 10, 0, 0, 326),
(4, '17', 3, 'D', 'FAKTOR PENGURANG\r\n', 10, 0, 0, 327),
(4, '18', 3, 'J', 'JUMLAH	\r\n', 0, 0, 20, 328),
(5, '19', 3, 'T', 'Total Score	\r\n', 0, 0, 0, 329);

-- --------------------------------------------------------

--
-- Table structure for table `tbl_pegawai`
--

CREATE TABLE `tbl_pegawai` (
  `nrpp` varchar(20) NOT NULL,
  `nama` varchar(70) NOT NULL,
  `kd_cabang` varchar(11) NOT NULL
) ENGINE=InnoDB DEFAULT CHARSET=latin1;

--
-- Dumping data for table `tbl_pegawai`
--

INSERT INTO `tbl_pegawai` (`nrpp`, `nama`, `kd_cabang`) VALUES
('00057', 'YASMIN KASIM', '005'),
('00059', 'HARIYANTO', 'SKA'),
('00061', 'HASBI ARFA', 'KRD'),
('00064', 'ARFIANUS', 'PRC'),
('00066', 'AMARO TAMBUNAN', '107'),
('00069', 'UMI TONDRANG', 'KEU'),
('00070', 'HADIMAN', 'SDU'),
('00071', 'JAMALUDDIN', '104'),
('00073', 'LENSI LANTEMONA', '001'),
('00074', 'TUKIMAN', '004'),
('00075', 'LA ULIAS TORO', '003'),
('00076', 'TATIEK MALIATI', 'KEP'),
('00077', 'SAMALUDDIN', 'CRC'),
('00079', 'FAJAR ELVIANTO', 'SKM'),
('00080', 'ANDI TENRI AMPA', '001'),
('00081', 'YULI SISWANTO', 'KEU'),
('00083', 'ABD.RAHMAN TAMBUNAN', '101'),
('00084', 'ASRUDIN', '001'),
('00085', 'SUBARDIN', '102'),
('00087', 'LANDOU', '004'),
('00088', 'AGUS MURDJANA', '002'),
('00090', 'LAODE MUSTIKA', 'CRC'),
('00091', 'MUH. SUYUTI', '001'),
('00092', 'HAERIAH', 'TRS'),
('00093', 'MARLINA', '003'),
('00094', 'LENI MARLINA . L', '002'),
('00095', 'YULIANTI', '107'),
('00096', 'ISMAWATI', '219'),
('00098', 'SITI NURLINA .K', '001'),
('00099', 'BASARUDDIN BAKI', '105'),
('00100', 'NASRUDIN . M', '005'),
('00101', 'HASDIN HAMZAH', 'KRD'),
('00102', 'SAFRIN RAUF', '004'),
('00104', 'SITI NURKARNI', '210'),
('00106', 'I DEWA PUTU RAKA', '109'),
('00107', 'NORNI', '229'),
('00109', 'JASIR SALASA', '241'),
('00112', 'RITA INDRIATI KASIM', '204'),
('00114', 'M. THAHA LUHULIMA', '110'),
('00116', 'LA ISA LIO', '109'),
('00117', 'KAMALUDDIN RAHIM', '106'),
('00118', 'ARDIN', 'KRD'),
('00120', 'SYUKRI', '221'),
('00121', 'LUM LAMARUNDU', '220'),
('00122', 'LA ADI', '229'),
('00123', 'AGUS SALEH HIDAYAT', '003'),
('00124', 'LAODE BASARU', '213'),
('00126', 'ERNI RIANA NUR', '205'),
('00129', 'BACHTIAR SAHIDO', '005'),
('00131', 'ANSAR', '108'),
('00132', 'NASORI', '225'),
('00133', 'HAFSAH', '208'),
('00134', 'MUH. TEGUH PRIANTO', '002'),
('00135', 'SUSILARTI', '105'),
('00136', 'SALMIA', '003'),
('00137', 'IRMA SUKMAWATI .S', 'KRD'),
('00139', 'MUH. AMINUDDIN', '106'),
('00140', 'ALFIAN', '005'),
('00141', 'MUSAHARI', '106'),
('00142', 'MUKSIN', '209'),
('00143', 'AGUSSALIM', '001'),
('00144', 'HAJUN', '005'),
('00145', 'ABD. MAJID SUMAYDO', '000'),
('00146', 'ALAMSYAH PATORO', 'KEP'),
('00147', 'HALIPAH PAEWANGI', 'SKA'),
('00148', 'FAUZI BASALAMA', 'SDU'),
('00152', 'I NYOMAN AYU . W', 'CRC'),
('00153', 'LAODE MAHYUDIN', '238'),
('00154', 'ABDUL SALAM', '111'),
('00155', 'SYAHRUDDIN ALIMIN', '001'),
('00156', 'GUSRAN', '224'),
('00157', 'SYAHRUL FIRDAUS', 'KEU'),
('00159', 'Hj.INDRI DEVIYANTI S.', '110'),
('00160', 'SHODAN PUTRI AYU', '235'),
('00161', 'JUMINA SAMAI', '206'),
('00162', 'ZAKARIAH', 'KRD'),
('00163', 'JUFRI', '002'),
('00164', 'HERMAN H. HODDING ALI', 'SDU'),
('00165', 'WELDY SUMARGO', '004'),
('00166', 'SILO ALJANAH', '201'),
('00167', 'ISRAWATI RAMLAN', 'ANL'),
('00168', 'IBRANI', 'SDU'),
('00169', 'DESSY TRYNINGRUM', '242'),
('00170', 'ERNAWATI', '103'),
('00171', 'RUSLAN', '107'),
('00172', 'NYOMAN SUDIONO', '208'),
('00173', 'DINO MORLAN G', 'ANL'),
('00174', 'RONY JAYA LAKEBO', '106'),
('00177', 'ANDI AMRAH ACHMAD', 'KEP'),
('00178', 'FAUZI DJIBRAN', 'PRC'),
('00179', 'EKO. A. HALIM', 'SKA'),
('00181', 'SUKMAWAN TOMBILI', 'TSI'),
('00182', 'MUH. BUDIYANTO', '105'),
('00183', 'MICKEL MAPPA TUNRU', 'SDU'),
('00184', 'ELIN APRILIA', 'KRD'),
('00186', 'FIQRA AULIA SALAM', 'SKA'),
('00187', 'PUTU SUDIARTAWAN', '002'),
('00188', 'RAHMAD SURYADI', 'KEU'),
('00189', 'RAMADHAN YANTI', '105'),
('00190', 'ERMAWATI EFU AZA', 'TRS'),
('00191', 'Hj.ARDIYANTI AMIN', 'PRC'),
('00192', 'RINTI RELAWATI', 'PRC'),
('00193', 'RATNA SAMBO', 'KRD'),
('00194', 'HERMAN ABD. RAHMAN', '104'),
('00195', 'FASRIANI', '212'),
('00196', 'ASWIN DASRUL', '005'),
('00197', 'HASMIRAT', '221'),
('00198', 'YOYOT MUIS', 'KRD'),
('00199', 'INDRAWATI RACHMAT', '108'),
('00201', 'ARISMAN', 'SKM'),
('00202', 'MUH.GUSTI MAHARDIKA', '005'),
('00204', 'ILMIYATI', '104'),
('00205', 'FARIDA', '001'),
('00206', 'MARZUKI', '001'),
('00207', 'CHERWANTO ARSYAD', 'SDU'),
('00208', 'SYAFRUDDIN MORE', '001'),
('00209', 'HARYADI', '005'),
('00210', 'AKSA', '003'),
('00211', 'ANJAR SUDRAJAT', '222'),
('00212', 'TAUFIQ AKBAR', '111'),
('00213', 'SYAPARUDDIN', '102'),
('00214', 'MUH. ALI IMRON', '108'),
('00215', 'HERI SANTOSO', 'TSI'),
('00216', 'DANY KURNIAWAN', 'TSI'),
('00218', 'BACHVERAWATY B', '002'),
('00219', 'SUHASWATI', '239'),
('00221', 'CINTHYA CINDY BASO', '001'),
('00222', 'SRI SUHASNI BAMBANG', '234'),
('00223', 'NOVALINA V.T.HUTABARAT', 'KEU'),
('00224', 'ARLIAN HALISAN', '101'),
('00226', 'PUTRI N. JACOB', '221'),
('00227', 'ASTRIANA ALAUDDIN', '001'),
('00229', 'NANCY F. RIDWAN', '001'),
('00230', 'ASTRY LEVIN AGU', '202'),
('00231', 'DINI AFRILIA', '204'),
('00233', 'HAJAR SALHAN', '001'),
('00234', 'SULASTRI', '233'),
('00235', 'HAMDANA', '104'),
('00236', 'A.RIZKA K.', '210'),
('00237', 'MUH.RISMAN SAMAD', '223'),
('00238', 'ALFIAN DJAMIL', '001'),
('00239', 'SYAKIR', '101'),
('00242', 'YUDA MAGFUR', 'SDU'),
('00243', 'LA ODE BOBO', '105'),
('00245', 'ASMANTO MANGIDI', 'SDU'),
('00246', 'MANSYUR', '101'),
('00247', 'ACHMAD', 'SDU'),
('00249', 'ERMI SURYANA', 'TSI'),
('00250', 'LIEST MACHDIATY BAFTIM', '216'),
('00251', 'WAODE NURHUMA', 'CRC'),
('00252', 'MUH. DARWIS DAHLAN', 'TRS'),
('00253', 'RAHMAYANTI IKA PRATIWI', 'ANL'),
('00254', 'HENDRA ERIKSON B', '107'),
('00258', 'ROBI MUHARAM', '001'),
('00259', 'ANON KUNCORO WIDIGDO', 'SKA'),
('00260', 'IRWANA', '108'),
('00261', 'SISKA', '001'),
('00262', 'IRWAN OKTIVI', 'TRS'),
('00263', 'ALEX LOMBAN', '217'),
('00265', 'RISWAN LATIEF', '222'),
('00266', 'EDIYANTO', '241'),
('00267', 'AMIRULLAH', '104'),
('00268', 'AZAN', '004'),
('00269', 'HARIANTO', '217'),
('00270', 'SYAHARUDDIN ', '003'),
('00271', 'DAMRUN', '204'),
('00272', 'M. ADHAM MALIK YUNUS', 'SDU'),
('00273', 'YASNI HAMARUDDIN', '004'),
('00274', 'MUSTAKIM', '105'),
('00275', 'MUH. YOFAN', 'SDU'),
('00276', 'IRSYAL', '101'),
('00277', 'ROMMY TADJUDDIN', '107'),
('00278', 'ANDRE STEVEN', 'SDU'),
('00279', 'HEPLIN SIKKI', '002'),
('00280', 'SYAMSIR ALAM', 'SDU'),
('00281', 'BURHANUDDIN TONGASA', '214'),
('00282', 'INAYAH K. DEWI PIDANI', '001'),
('00283', 'HAMSIAH', '101'),
('00284', 'HUSNI B.', 'SDU'),
('00287', 'ANGKAS', '201'),
('00288', 'MAHMUD BANI', '001'),
('00289', 'ACHMADI', 'SDU'),
('00290', 'ISRUL', '215'),
('00291', 'FIRMAN', '203'),
('00292', 'ASHAR FIET', '005'),
('00293', 'ANDI BASO ASWAD', '103'),
('00294', 'ACHMAD AFANDY HASANUDDIN', 'SDU'),
('00295', 'RASIDIN', '206'),
('00296', 'LA ODE RACHMAN ASIKIN', '106'),
('00297', 'ROMI', 'SDU'),
('00298', 'ADI MORA JAMIL', 'SDU'),
('00299', 'INGRYANI HIDAYAT', 'TRS'),
('00300', 'RAHARYUDI', '108'),
('00301', 'FAIZAL MUNIR', 'TSI'),
('00302', 'SUPRIATNI', '002'),
('00303', 'ASWAN TANGGAPILI', '223'),
('00304', 'REVO ADRIAN MUHALING', 'TRS'),
('00306', 'ASTRY ABUS', '001'),
('00307', 'EKA PRATIWI', '201'),
('00308', 'GUSFIANI TRIANINGSIH', '221'),
('00310', 'ERWIN CHENDRIAWAN', 'TSI'),
('00311', 'SALDIANSYAH SABARA', 'KEP'),
('00312', 'IRWANTO JAYA PUTRA', 'KRD'),
('00313', 'AULIAH NURUL IMAN. H', 'KRD'),
('00314', 'HAYU YUSMAN', '244'),
('00315', 'ANDREY KAMAJAYA UMEN', 'KRD'),
('00317', 'HERMAN IRWANSYAH', 'SKA'),
('00318', 'MUH. RENDRA WASANTARA. M', 'TRS'),
('00319', 'SUPARMAN', 'ANL'),
('00320', 'ONI SUTRA', '211'),
('00321', 'EBSAN YULIANUS', 'TSI'),
('00322', 'HASBI', '240'),
('00323', 'RUKHAN ALIEM PRASETYO UTOMO', '245'),
('00324', 'TITIN MARTHANINGSIH', '231'),
('00325', 'MUHAMMAD IQBAL HAFID', 'TSI'),
('00326', 'DENY WAHYUDI', '232'),
('00327', 'RENI IRAWATI', '244'),
('00329', 'YULIANA HUTABARAT', 'CRC'),
('00330', 'GURIDNO PETRUS MANGALLA', '215'),
('00331', 'JESSICA SARI CANSANIA. N', '202'),
('00333', 'SENDY NAFTALIS. S.A', '001'),
('00334', 'LA ODE HASRUDDIN', '207'),
('00335', 'SITI SUHARNI', '105'),
('00336', 'SUPRIADI', 'KRD'),
('00337', 'WA  ODE S. NURMITASARI YP', '201'),
('00338', 'MULYARNI KUSUMA DEWI', '228'),
('00339', 'WA ODE INDRIYANI I.', '106'),
('00340', 'KIKI AMALIA', '106'),
('00341', 'ARMANSYAH', 'SDU'),
('00342', 'SULTAN SUKRIADI DJAFAR', '214'),
('00343', 'IRMAN', '004'),
('00344', 'SUBUR', '002'),
('00346', 'SOFYAN D', '105'),
('00347', 'SOFYAN AKIB JUMDIN', '105'),
('00348', 'RAHMATULLAH', '201'),
('00350', 'JUHAIDIN', 'SDU'),
('00351', 'IKSAN IDRUS', '001'),
('00352', 'JUSRIN', '005'),
('00353', 'RUSLAN RAMLIN', '005'),
('00354', 'SUHARUDDIN', '101'),
('00355', 'ISRAIL', 'SDU'),
('00356', 'ZULKIFLI. Z', 'SDU'),
('00357', 'BAINI', '002'),
('00358', 'JERMIAS SAULAUDA', '002'),
('00359', 'ERWIN. A', '002'),
('00360', 'TONI UNI', '105'),
('00362', 'TRI HARIANTO', '102'),
('00363', 'AYYUD FAGHRONI', '106'),
('00364', 'ZULKARNAIN ISKANDAR.G', '243'),
('00365', 'WARDA AZIS  SP', 'KRD'),
('00366', 'JEFFREY RAINALDO LABAN  ST', 'SDU'),
('00367', 'PRATAMA ALAMSYAH WAHID', '218'),
('00368', 'NATHALIA BRINNER SOPHYAN', '001'),
('00370', 'AIDHA NUR PRATIWI', '243'),
('00371', 'IRWAN SAPUTRA', '001'),
('00372', 'MUHAMAD ALI BABA', 'TSI'),
('00374', 'IRWAN HERDIYANSYAH USMAN', '237'),
('00375', 'MICHAEL TANGKE DATU', 'TSI'),
('00376', 'ANDRI RAHMAT TAKRIF  SP', 'KRD'),
('00377', 'ALFIEAN  S.Si', '108'),
('00378', 'FIRMAN  S.SOS', 'SKA'),
('00379', 'STHEVI GRACE LATUANDA', 'SKA'),
('00380', 'WA ODE RITA MUSTIKA  SE', 'KRD'),
('00381', 'SATNA  SE', '111'),
('00382', 'HANDOKO LAORI', '106'),
('00383', 'FLORENCE AMANDA  SE', '004'),
('00384', 'ABDUL RAHMIN  ST', '236'),
('00385', 'RAHMAN SUNJAYA  S. KOM', '104'),
('00386', 'RAHMAWATI  SE', 'KRD'),
('00387', 'IRMAYANI  SE', '001'),
('00388', 'OLAV HITIPEUW  SP', 'PRC'),
('00389', 'PAJARIAH TAUFIQ  S.SOS', '203'),
('00390', 'SULKARNAIM', 'KRD'),
('00391', 'MARSINI', '107'),
('00393', 'SAMRIA DAE', '003'),
('00394', 'EJUN SAMSON', 'PRC'),
('00395', 'NURDIANA PRAJAYA', 'SDU'),
('00396', 'EKY TEGUH SAPUTRA', 'PRC'),
('00397', 'RAHMAT TIRONA FIRDAUS', 'SKA'),
('00398', 'I MADE SUMERTA PUTRA', '104'),
('00399', 'WA ODE RIDA ASNIWATI', '004'),
('00400', 'RIZKI PURNAMASARI', 'KEP'),
('00401', 'DESNIARTY PRAGISTY', 'KEU'),
('00403', 'TRY CAESAR FARIADI', 'KEU'),
('00404', 'TRISNA PUTRI PURBA', '107'),
('00405', 'ARIYO SYAHPUTRA KAKAYO', '001'),
('00406', 'YUDHI MARLI HANGGARA', '106'),
('00407', 'JANUARTIN', '109'),
('00408', 'FITRIANI', 'SDU'),
('00409', 'ASWAR ROMAS', '003'),
('00410', 'SHINTA PRASTIAYU', '101'),
('00411', 'EDWIN', 'TRS'),
('00412', 'MUH. EKKI NOVRIANDI', '002'),
('00413', 'ANDI FERDIANSYAH', '110'),
('00414', 'YULINDA', '002'),
('00416', 'NELLY FEBRIANTI JAMALUDDIN', '216'),
('00417', 'NILAWATI', '001'),
('00418', 'EGGYD ANDALIKA DJAMARIS', '222'),
('00419', 'KRISTIANTO SIHOMBING', '216'),
('00420', 'MUSFIRATI', '004'),
('00421', 'RIAN PRAWIRA', '005'),
('00422', 'WINDA TRI WAHYUNI', '232'),
('00423', 'FAHMI ACHMAD', '109'),
('00424', 'MUHAMMAD RENDY DJIBRAN', '002'),
('00425', 'DESY ARDILLAH BAMBANG', '205'),
('00427', 'MUHAMMAD ABDI AMIRUDDIN', '106'),
('00428', 'FANDY DWIANSYAH SIDRAL', '001'),
('00430', 'ANGGA FAJAR SETIAWAN S', '242'),
('00431', 'VERA DWI ANZHELYA LOETH', '005'),
('00432', 'EKA HARBIANSYAH', '217'),
('00433', 'FEBRIANSATI MOERDIANTI SABARA', '001'),
('00434', 'JEFRI SAMAD', '005'),
('00435', 'PRIMA SETYA ABDI NEGARA', '222'),
('00437', 'LUPITA JORIDA', '107'),
('00438', 'LINDA ANASTASIA ARLINI', '101'),
('00439', 'KARTIKA', '108'),
('00440', 'RAHMA YUNIARSIH HERMAN', '101'),
('00441', 'SITI HARDIYANTI KIRANA', '002'),
('00442', 'TAUFIQ ABDUL HAMID', '238'),
('00443', 'SAMSURIJAL', 'SDU'),
('00444', 'AYU SAPUTRI ', '104'),
('00445', 'ATHANK EKO PRASAKTI', '230'),
('00446', 'ANDHIKA AYUDHAYA', '001'),
('00447', 'RISKA SUKMA NIRANI', '001'),
('00448', 'IRMA RIYANTI', 'KEU'),
('00449', 'MUH. SUYUTI LATIEF', '111'),
('00450', 'WA ODE NUR RAHMATIA', '111'),
('00451', 'LAODE CAKRA', '001'),
('00452', 'INDAH DWI CAHYANI', 'TSI'),
('00453', 'MUH. YUNSAR', 'TSI'),
('00455', 'WARDANA', '108'),
('00456', 'AMRIN ULFA', '005'),
('00457', 'ISMAIL FAHMI', 'KRD'),
('00458', 'HIJRI NOVITA', '110'),
('00461', 'ANNAS MUSTAQIM', '221'),
('00462', 'MUSRIAH', '221'),
('00463', 'I KADEK SULYASTRA', '107'),
('00464', 'JEN TEHANGGA', '002'),
('00466', 'EKO PIETER SANTOSO', '001'),
('00467', 'MOHAMMAD FAUZAN SYAHID NAKI', 'KRD'),
('00468', 'HOSEA ERIC ALFRIED SAMUAL', '221'),
('00469', 'RABYATUN HASANAH', '000'),
('00470', 'YUSTIKA VARADILA', '242'),
('00471', 'AHMAD BADRUN', '221'),
('00472', 'HELFIRSYAH ALIMIN', '220'),
('00473', 'HASRUL', '107'),
('00474', 'SEPTI WULANDARI MALENDA', '003'),
('00475', 'INDAH SARI PRATIWI', '202'),
('00476', 'NORMAYANA', '220'),
('00477', 'LA FATA', 'SDU'),
('00479', 'IMANSYAH', '214'),
('00480', 'IRWAN FINI', '220'),
('00481', 'LAODE MUH. RANGGA AMINTULLAH', '218'),
('00482', 'ANWAR MURSIDI', '221'),
('00484', 'TEJO PRASETYO', 'SDU'),
('00485', 'DEKRITYA ENDANG F. A. MAKADOMPIT', '001'),
('00486', 'YAYUK DESRIANI', '209'),
('00487', 'AKBAR ISYAL', '227'),
('00488', 'MUHAMMAD ALI RIZKI', '224'),
('00489', 'ARYANSYAH', '101'),
('00490', 'NASWIN', '110'),
('00491', 'JARULIY', '111'),
('00492', 'BUDI ARJO', '107'),
('00493', 'AHMAD NUR', '103'),
('00494', 'MUHAMMAD JAFAR', '104'),
('00495', 'KAMIL', '103'),
('00496', 'CECET HASMITA', '104'),
('00497', 'IRMA', '227'),
('00498', 'FATHULLAH', '227'),
('00499', 'MUHAMMAD HAMKA', '103'),
('00500', 'MUTMAINNA', '227'),
('00501', 'ANDI NURFADILLAH', '103'),
('00502', 'WAHYUDDIN', '227'),
('00503', 'PERIANTI', '002'),
('00504', 'RINA ARIANI RAHIM', '002'),
('00505', 'RYANK SETIAWAN', '102'),
('00506', 'MUHAMMAD JORDI TAUFIK', '223'),
('00507', 'YULIUS SARDIS', '223'),
('00509', 'FAHRI HUSRIADI', '223'),
('00510', 'TIARA FADHILLAH SARA', '001'),
('00511', 'I GUSTI HARYO RAKENDA', '001'),
('00512', 'RISTRA JESIKA', '102'),
('00513', 'SAHIR BAHTIAR', 'ANL'),
('00514', 'DONI FERNANDO WIJAYA ', '101'),
('00515', 'JEPRI ASPAT', '222'),
('00516', 'MUAMMAR CHADAFI U', '222'),
('00517', 'SINTIYA AULIA SEPTI RAKSI', '206'),
('00518', 'ALFRIADI', '005'),
('00519', 'ASHAR', '107'),
('00520', 'MAHDIN', '221'),
('00521', 'IRPAN', '222'),
('00522', 'STIVENZ GINAL SAMBARI', 'SDU'),
('00523', 'RIDMA AFRIANI', '002'),
('00524', 'ERWIN SITORUS', '005'),
('00525', 'SRI WULAN', '231'),
('00526', 'SELMI SAFITRI', '231'),
('00527', 'EKA SAPTA KRIDA ADI ', '224'),
('00529', 'M. EDWAR RIZKIA SAPUTRA', '218'),
('00530', 'FEBRIANSYAH MANAF', '002'),
('00531', 'HAMSAR PATANGGA', '005'),
('00532', 'UDIN', '226'),
('00533', 'LA ODE AZHAR', '226'),
('00534', 'MAYANG SANDY UTAMI', '108'),
('00535', 'MUH. RIZKI SETIAWAN KAPITA', '226'),
('00537', 'ILMA YUANSYAH EKA PUTRA', '110'),
('00538', 'PUTRI AYU ARISTA DEWI', '110'),
('00539', 'ABDI DZIL IKRAM', '110'),
('00540', 'USRIADIN', '232'),
('00541', 'PURWANTO', '232'),
('00543', 'AGUS RAHMAN UMAR', '232'),
('00544', 'AYU PRATIWI HADJAR', '107'),
('00546', 'AGUNG KURNIAWAN', '225'),
('00547', 'ALCI ADIANTO M.', '107'),
('00548', 'ROSTITIAWATI', '214'),
('00549', 'ARMULYADI MANAGIDI', '218'),
('00550', 'PT OKA CANDRA WIRANATA', '225'),
('00551', 'SYAHRUL HIDAYAT', '105'),
('00552', 'AINUL HASYIM', 'KRD'),
('00553', 'RIAN HARTATI', '238'),
('00554', 'ABDUL HAFID HAIRUL RIDJAL', '228'),
('00555', 'LA ODE HAMSYAH', '234'),
('00556', 'WA ODE DARMAWATI SARI', '228'),
('00558', 'LD. MUH. FASRYADI', '003'),
('00559', 'MUSHAWWIR MUHAMMAD A', '003'),
('00560', 'WA ODE SUSIANTI RADIO', '003'),
('00562', 'YUNI NIRMALASARI', '003'),
('00563', 'ABDUL JUMAIN', '236'),
('00564', 'LA ODE AFAN ROZZAAQ MATO', '003'),
('00565', 'NINA ISNAWATI', '003'),
('00566', 'LA ODE ARMIN', '233'),
('00567', 'LA ODE RUTMAN', '233'),
('00568', 'RIAN', '234'),
('00569', 'SYAHRIL', '233'),
('00570', 'LA ODE ADI SUKMA', '004'),
('00571', 'RINAL PERMADI', '106'),
('00572', 'MUH. IQBAL SAHLAN', '111'),
('00573', 'MOHAMMAD ZIAT UMAT', '229'),
('00574', 'AGUSTINA RIZKI PUTRI', '106'),
('00575', 'MARTINA SUKARDIN', '230'),
('00576', 'YAFAN', 'ANL'),
('00577', 'WA ODE NETTY APRILLAH', '106'),
('00578', 'JENNY CLOWDYA HASAN', '229'),
('00579', 'SITTI NURHAMIDAH', '240'),
('00580', 'MUZLIMIN', '230'),
('00581', 'LA ODE ROYS', '004'),
('00582', 'LA ODE RAMADHAN', '229'),
('00583', 'TRI SAKTI ADITYA HASAN', '229'),
('00584', 'SUKAEDIN', '217'),
('00586', 'RICHARD PRATAMA', 'SDU'),
('00589', 'JUMPRIYOYO', '237'),
('00590', 'MARDIN', '104'),
('00591', 'FERDIANSYAH', '207'),
('00592', 'AYU LESTARI', '212'),
('00593', 'NUR HAMNI', '211'),
('00594', 'ASRINA', '211'),
('00595', 'LETA ABD. SALIM', 'KRD'),
('00596', 'HERNIYANTI  S.Kom', '208'),
('00597', 'MUH. KHAERUL MUTTAQIN', '105'),
('00599', 'SAHIRUN  S.Kom', '215'),
('00600', 'ZULKIFLY SH', '108'),
('00601', 'MEGA ARISYA HAMRA', '204'),
('00602', 'NURDIANTI HASAN', 'TRS'),
('00603', 'SRI INDRAWATI RAYEN', '110'),
('00605', 'HERMAN', '102'),
('00606', 'DARMANSYAH', '206'),
('00607', 'SYAHRUL', '210'),
('00608', 'RASMUN', 'SDU'),
('00609', 'BAHAR TINGGI', '209'),
('00610', 'MUH. NUR LASBIN', '209'),
('00612', 'ILHAM', '215'),
('00613', 'MUSTAFA F.', '212'),
('00614', 'LASAMIA', '212'),
('00615', 'NATSIR', '211'),
('00616', 'JAFAR', '211'),
('00617', 'DZILLIN MAMDUDIN', '208'),
('00618', 'ABRAHAM LABERESE', '208'),
('00619', 'TAMSIR', 'SDU'),
('00621', 'PRIMA SANTY', 'KEU'),
('00622', 'ALTIN MENTANG', 'TSI'),
('00624', 'INDRA PRAYUDHI', 'TSI'),
('00625', 'MUSLIADI', '003'),
('00626', 'ARWIYANTO ARSYAD', '235'),
('00627', 'SULTAN', '202'),
('00628', 'AMRUDDIN', '110'),
('00629', 'RIANTO', 'SDU'),
('00631', 'ASRUL ASIS', 'SDU'),
('00632', 'YUSUF SANUSI', 'SDU'),
('00633', 'RIZAL HAMID', '106'),
('00634', 'ROYS SUPRIATNO', '106'),
('00635', 'LA ODE DASMAN', '111'),
('00636', 'HARIADI HARIANTO', '231'),
('00637', 'YUSUF EKA PUTRA', 'SKM'),
('00638', 'LA ODE SYALIFUDDIN RAHIM', 'SDU'),
('00639', 'AGUNG ASMAUL ARIFIN', '004'),
('00641', 'ANANDA TRI ASMAR PUTRA', '107'),
('00642', 'ANDIKA SASTRA SASMITA', '104'),
('00643', 'ANDI RHEZALDI DIANDRA', 'KEP'),
('00645', 'ANNA TRIANA RAZIKUN', '004'),
('00646', 'ANUGRAH KURNIAWAN', '110'),
('00647', 'ASWAN', '004'),
('00648', 'ASWIN AR', '002'),
('00649', 'BAGUS NUR FAJRIN', 'SKA'),
('00650', 'BAMBANG ASHAR SAPUTRA', '003'),
('00652', 'BIMARULA TAMBURAKA', '110'),
('00653', 'BOBY ASHAR', '001'),
('00654', 'CALYB SUSMANTO SANGGO', 'TRS'),
('00655', 'DEASY RATNASARI', 'KRD'),
('00656', 'DEVI CHANDRA BATARA', 'KEU'),
('00657', 'EKA RIANTI', '004'),
('00658', 'EKO IRMAYANSYAH', 'SDU'),
('00659', 'ERIC APRISANDHY', '106'),
('00660', 'FRIENNY DAHLAN', '005'),
('00661', 'HANIS DASAWARSI', '105'),
('00662', 'HARMAWAN', 'SDU'),
('00663', 'IKRAMSYAH ADIL MULTAZAM', '111'),
('00664', 'INDRA GUNAWAN IBNU HAJAR', '108'),
('00665', 'IRHAM LAMARUNDU', '002'),
('00666', 'IYANG IZZAK BUBURANDA', '005'),
('00667', 'JEKNORIS', '104'),
('00668', 'JENNY ARYANI SOFYAN', 'KEU'),
('00669', 'KARTIKA KEMALA SARI BACHTIAR', '111'),
('00670', 'KHAIRAT UMAYAH SAID', '108'),
('00671', 'KIKI ERYANI HERMAN', 'KRD'),
('00672', 'LD. MUH. IMAM FR.', 'KEP'),
('00673', 'MUHAMMAD AGUSRIN', '104'),
('00674', 'MUHAMMAD AKHIRUL R', '109'),
('00676', 'MUHAMMAD SARDY SUJADI MIDO', 'PRC'),
('00677', 'PUTRICE JULIANTIN BUA', '110'),
('00678', 'RAHMAT OEHOEDOE', '111'),
('00679', 'RAHMAWATY ZULKIFLI', 'PRC'),
('00680', 'RANDI YUDA', '110'),
('00681', 'RANI LESTARI', '005'),
('00682', 'RIZAL', '101'),
('00683', 'RONALD MASYHUR BENHUR', '001'),
('00684', 'RR. RIKTY NOERMASITA PRAMUDYA', '001'),
('00686', 'SILVERY NUR PUSPITA', '106'),
('00687', 'SUARDI', '103'),
('00689', 'SYEH ABDUL QADIRULLAH', '107'),
('00690', 'VERANILAZ INDRIANI', '111'),
('00691', 'WANDA ALABAMA SAOSAO', '102'),
('00692', 'YELNOFATRI PATANDIANAN', '002'),
('00694', 'AGNES NOVIADINI PUSPITA', '104'),
('00695', 'AGRISANTO', '202'),
('00696', 'AHMAD GUAHIR KAMARUDDIN', '105'),
('00697', 'ALDINATA MADIKA', '224'),
('00698', 'AMANDA DEA DESKINA AKIB', '005'),
('00699', 'ANAN ADRIANO MARIO S', '110'),
('00700', 'ANNA RIZKI DWI RAHAYU', '226'),
('00701', 'ARI SANJAYA TASRIP', '209'),
('00702', 'ASRIAH ASIS', '244'),
('00703', 'BERLIAN KRISTIANTI YUNIAR LUBIS', '111'),
('00704', 'DESTI AYU PRACILIA', '001'),
('00705', 'FARADILLAH SABAKANDOW', '109'),
('00706', 'FERDIANSYAH RAMADHAN', '240'),
('00707', 'FIFI ELFIRA', '002'),
('00708', 'FIKHIYATUL RHOBIYAH', '101'),
('00709', 'HERMAWAN TONGALU', '107'),
('00710', 'ISRADINA UMAR HS', '235'),
('00712', 'MAULID MUHAMMAD HASAN', '238'),
('00713', 'MU\'MINATY USMANY', '004'),
('00714', 'ARIF WICAKSONO TODING', '221'),
('00715', 'MUH. ARZAN', '230'),
('00716', 'MURNI SAHIR', '002'),
('00717', 'NOVIANTY INDAH SARI', '202'),
('00718', 'NURUL AULIA AYU CINTHIA DEWI', '101'),
('00719', 'NYOMAN AYU SUDANI', '237'),
('00721', 'PUSPA WINA ORYZA', '239'),
('00722', 'RAHMAT DANI', '205'),
('00723', 'RANDI SYAFIIN', '103'),
('00724', 'REKA AFRILIANI ANWAR', '102'),
('00726', 'SANDRA ASWATUN', '243'),
('00727', 'SUCI WAHYUNI RUSDIN', '217'),
('00729', 'VITA HASRIEN', '108'),
('00730', 'WAODE HASMINA', '239'),
('00731', 'WAODE SITI REZKI WARDANI', '216'),
('00732', 'WAHYU RAMADHAN', '001'),
('00733', 'YAUMIL HEIRIA', '210'),
('00734', 'YUDINAR PULESAKO', '107'),
('00735', 'YUNI MULIA SYAM', '001'),
('00736', 'RISKI YANTO', '105'),
('00737', 'SITI NUKKHALIDAH', '213'),
('00738', 'YUDHIN BASTIAN ADINATA', '213'),
('00739', 'DIAN EDIANTO', '213'),
('00740', 'AWALUDDIN', '213'),
('00741', 'JULIYANTI ANA PURNAMASARI', '203'),
('00742', 'MARDIANTO MANGIDI', '203'),
('00743', 'ERVAN NARUDANI', '107'),
('00744', 'SANGIA AGUNG PRATAMA', '203'),
('00745', 'HAIDIR CIPGRAPTA SATRIAWAN', '214'),
('00746', 'JAMUDIN', '220'),
('00747', 'FENY SIRINGADI BASYARUDDIN', '241'),
('00748', 'ABDIANCI', 'TSI'),
('00749', 'WAHYUDI SABIR', 'TSI'),
('00750', 'FADHIL MUHAJIR', 'TSI'),
('00751', 'CHLYFEN RICHARD SALIBANA', 'TSI'),
('00752', 'M. FADLI RUSTAM', 'TSI'),
('00753', 'WISNU SETYO PAMUJI', 'TSI'),
('00754', 'SAKRIADI', 'SDU'),
('00755', 'MUHAMMAD HADINDA', '002'),
('00756', 'I KETUT CARIADA', '005'),
('00757', 'MUHAMMAD IKBAL. W', '107'),
('00758', 'IVAN CANCERIO SILAMBY', '202'),
('00759', 'SIRAJUDIN', 'SDU'),
('00760', 'DIDIN SAHIDIN', '109'),
('00761', 'BUNG KARNO', '107'),
('00762', 'LA ODE USMADI', '003'),
('00763', 'HARI SUDDIN SUNARTO', '210'),
('00764', 'RIDWAN SUAIB', 'SDU'),
('00765', 'NANI LOMBAN', '111'),
('00766', 'SITI SUMAN HARSI', '108'),
('00767', 'MUH. HAIRUL SALEH', 'SDU'),
('00769', 'YUDHA SAPUTRA', 'SDU'),
('00770', 'JUNI ANSYAR', 'SDU'),
('00772', 'ASBAR', '108'),
('00773', 'M. RISAL', '108'),
('00774', 'ASRUL LABORA', 'SDU'),
('00775', 'GUSTIAN HIDAYATULLAH', 'SKA'),
('00776', 'ARIFANDY SETIANSYAH', 'SKA'),
('00777', 'HERRY KUSNANDAR', 'SDU'),
('00778', 'ANDRY TRIADY', 'KRD'),
('00779', 'NUR HIDAYAT', 'KRD'),
('00780', 'MAGFIRA ACHMAD', '108'),
('00781', 'SERLITA', 'SDU'),
('00782', 'WAHYU ASMARA', 'SDU'),
('00783', 'MUH. FATWA SHOLIHIN', '004'),
('00784', 'AGUNG MAULANA', '004'),
('00785', 'MARNIATI NINGSIH', 'KEP'),
('00786', 'AHLANSYAH', '105'),
('00787', 'ESTI VAUSIA WULELE', '001'),
('00789', 'WIDI TUTI ANDRIANI', '225'),
('00790', 'LA ODE ZAHRATULLAH MUSADIQIN', '245'),
('00791', 'UCHA NINDYA RAMADHANI', '221'),
('00792', 'SITI WINDASARI', '106'),
('00793', 'ASTUTI SARI', '229'),
('00794', 'MUHAMMAD DIKNAS SATRIADI AFTA', '111'),
('00795', 'ASFIN ASI', '245'),
('00796', 'ARMAN', '103'),
('00797', 'HAEMI  SULASTRIANI', '104'),
('00798', 'HARDIYANTI', '104'),
('00799', 'NUR AFIAT SORAYA MURSYAF', '104'),
('00800', 'RIRIN ALEX', '103'),
('00801', 'RIZAH ARIANI', '104'),
('00802', 'YUSRIANTI', '227'),
('00803', 'ASRAYANI', '110'),
('00804', 'IKA PRARTIWI RAIS', 'KRD'),
('00805', 'SARITA OLIVIA PUSPITA IBAR', '001'),
('00806', 'DINAN AZMI SOLICHIN', 'KRD'),
('00807', 'MARIANTI', 'KRD'),
('00808', 'INDHA NOVITASARI Y', 'KRD'),
('00809', 'BENI IRAWAN', '110'),
('00810', 'ANDYKA BUDI PERMANA', '102'),
('00811', 'HASNAWATI', '002'),
('00812', 'RIANTO MAWAR', '107'),
('00813', 'WAHYUNI ARIF', 'KRD'),
('00814', 'WINDA MUSTIKA SARI', '005'),
('00815', 'GUSNAWATI', 'KRD'),
('00816', 'WAHYU MUSTIKANINGRUM', 'KRD'),
('00817', 'SUBHAN SOLIHIN PUTRA', 'KRD'),
('00818', 'SITTI NURUL HUDA A', 'KRD'),
('00819', 'DIAN AULIAH KALSUM', '004'),
('00820', 'WAODE FIFI FITRIANTI', '106'),
('00821', 'DICKY AVELLI ANDI', 'TSI'),
('00822', 'IBRAHIM FANTRI TEDY KURNIAWAN', 'TSI'),
('00823', 'MUH HIRUL RAMADHANI SUGITO', 'CRC'),
('00824', 'HAMRAN SYAPUTRA', 'TSI'),
('00825', 'LM. RETNO SULFAHRI', 'SDU'),
('00826', 'MUHAMAD HAMKA', 'SDU'),
('00827', 'JAKALOLA', 'SDU'),
('00828', 'LA ODE MUHAMMAD MAULANA', '004'),
('00829', 'MUH. IKHSAN ALMUNAZHAR', '233'),
('00830', 'ARISSA FADANAH', '234'),
('00831', 'ERTIN AGRIANA OMBI', '212'),
('00832', 'HARDIMAN ARIF', '232'),
('00833', 'MINGSEP KEMALA SARI', '207'),
('00834', 'REZKI QORILANI', '236'),
('00835', 'WAODE MIRANTI AUDINA KADAKA', '212'),
('00836', 'INDRI RATU GAYATRI DARMAWAN', '221'),
('00839', 'LA ODE UMSARA', 'SDU'),
('00840', 'SRI SULISTYOWATI ', 'SDU'),
('111101', 'SYAIBATUL  HAMDI M.', 'SDU'),
('111102', 'SUCI RAHMADANI ', 'SDU'),
('345', 'I WAYAN ARIMBAWA', '102'),
('460', 'RUDI HADINARTI', '108'),
('K0000', 'ARJUNA SULTAN', '001'),
('K0079', 'JUNIADIN', 'SDU'),
('K0130', 'MUSLIADI TAJUDDIN', '104'),
('K15415', 'ANDI CHAHYA ELFIRA', '001'),
('K22107', 'MUH. AL\'ADHIM', 'SDU'),
('K22108', 'SUNARTO', '004'),
('K22109', 'MUNIR', '104');

-- --------------------------------------------------------

--
-- Table structure for table `tbl_perspektif`
--

CREATE TABLE `tbl_perspektif` (
  `kd_perspektif` int(11) NOT NULL,
  `nama_perspektif` varchar(50) NOT NULL
) ENGINE=InnoDB DEFAULT CHARSET=latin1;

--
-- Dumping data for table `tbl_perspektif`
--

INSERT INTO `tbl_perspektif` (`kd_perspektif`, `nama_perspektif`) VALUES
(1, 'FINANCIAL'),
(2, 'CUSTOMER'),
(3, 'INTERNAL PROSES'),
(4, '				LEARNING & GROWTH'),
(5, '');

-- --------------------------------------------------------

--
-- Table structure for table `tbl_refkinerja`
--

CREATE TABLE `tbl_refkinerja` (
  `kd_ref` varchar(5) NOT NULL,
  `nama_ref` varchar(50) NOT NULL
) ENGINE=InnoDB DEFAULT CHARSET=latin1;

--
-- Dumping data for table `tbl_refkinerja`
--

INSERT INTO `tbl_refkinerja` (`kd_ref`, `nama_ref`) VALUES
('A', 'PERSPEKTIF'),
('B', 'KPI PARAMETER'),
('C', 'TARGET'),
('D', 'REALISASI'),
('E', 'PENC (%)'),
('F', 'NILAI'),
('G', 'SUB KPI BOBOT '),
('H', 'SUB KPI SCORE'),
('I', 'KPI BOBOT '),
('J', 'KPI SCORE'),
('K', 'BOBOT PERSPEKTIF'),
('L', 'TOTAL SCORE');

-- --------------------------------------------------------

--
-- Table structure for table `tbl_regist`
--

CREATE TABLE `tbl_regist` (
  `kd_kepegawaian` bigint(20) NOT NULL,
  `nama` varchar(50) NOT NULL,
  `jabatan` varchar(11) NOT NULL,
  `password` varchar(100) NOT NULL,
  `level` varchar(50) NOT NULL
) ENGINE=InnoDB DEFAULT CHARSET=latin1;

--
-- Dumping data for table `tbl_regist`
--

INSERT INTO `tbl_regist` (`kd_kepegawaian`, `nama`, `jabatan`, `password`, `level`) VALUES
(0, 'admin', '108', '4a7d1ed414474e4033ac29ccb8653d9b', 'admin'),
(1111, 'xx', '001', 'b59c67bf196a4758191e42f76670ceba', 'user'),
(1231, 'ricky ramadhan', '005', '6c14da109e294d1e8155be8aa4b1ce8e', 'user');

-- --------------------------------------------------------

--
-- Table structure for table `tbl_unit`
--

CREATE TABLE `tbl_unit` (
  `kd_unit` int(11) NOT NULL,
  `nama_unit` varchar(50) NOT NULL
) ENGINE=InnoDB DEFAULT CHARSET=latin1;

--
-- Dumping data for table `tbl_unit`
--

INSERT INTO `tbl_unit` (`kd_unit`, `nama_unit`) VALUES
(1, 'Cleaning'),
(2, 'Sopir'),
(3, 'Satpam'),
(4, 'Kepala Kas'),
(5, 'Analisis & Admin'),
(6, 'Kabag Pemasaran'),
(7, 'Kabag Operasional'),
(8, 'AO Funding'),
(9, 'Sales'),
(10, 'Penagihan Kredit'),
(11, 'Teller'),
(12, 'Kliring'),
(13, 'Umum (Staf Penganadaan)'),
(14, 'Sundries'),
(15, 'CS'),
(16, 'Verifikator');

--
-- Indexes for dumped tables
--

--
-- Indexes for table `tbl_kantor`
--
ALTER TABLE `tbl_kantor`
  ADD PRIMARY KEY (`kd_kantor`),
  ADD KEY `kd_kantor` (`kd_kantor`);

--
-- Indexes for table `tbl_kinerja`
--
ALTER TABLE `tbl_kinerja`
  ADD PRIMARY KEY (`kd_kinerja`),
  ADD KEY `kd_parameter` (`kd_parameter`),
  ADD KEY `kd_unit` (`kd_unit`),
  ADD KEY `kd_cabang` (`kd_cabang`),
  ADD KEY `nrp` (`nrp`);

--
-- Indexes for table `tbl_parameter`
--
ALTER TABLE `tbl_parameter`
  ADD PRIMARY KEY (`kode`),
  ADD KEY `kd_perspektif` (`kd_perspektif`),
  ADD KEY `kd_unit` (`kd_unit`),
  ADD KEY `kd_parameter` (`kd_parameter`),
  ADD KEY `kd_kpi` (`kd_kpi`),
  ADD KEY `kpi_sub` (`kpi_sub`);

--
-- Indexes for table `tbl_pegawai`
--
ALTER TABLE `tbl_pegawai`
  ADD PRIMARY KEY (`nrpp`),
  ADD KEY `kd_cabang` (`kd_cabang`),
  ADD KEY `nrpp` (`nrpp`),
  ADD KEY `kd_cabang_2` (`kd_cabang`);

--
-- Indexes for table `tbl_perspektif`
--
ALTER TABLE `tbl_perspektif`
  ADD PRIMARY KEY (`kd_perspektif`);

--
-- Indexes for table `tbl_refkinerja`
--
ALTER TABLE `tbl_refkinerja`
  ADD PRIMARY KEY (`kd_ref`),
  ADD KEY `kd_ref` (`kd_ref`);

--
-- Indexes for table `tbl_regist`
--
ALTER TABLE `tbl_regist`
  ADD PRIMARY KEY (`kd_kepegawaian`),
  ADD KEY `jabatan` (`jabatan`);

--
-- Indexes for table `tbl_unit`
--
ALTER TABLE `tbl_unit`
  ADD PRIMARY KEY (`kd_unit`);

--
-- AUTO_INCREMENT for dumped tables
--

--
-- AUTO_INCREMENT for table `tbl_kinerja`
--
ALTER TABLE `tbl_kinerja`
  MODIFY `kd_kinerja` int(11) NOT NULL AUTO_INCREMENT, AUTO_INCREMENT=333;

--
-- Constraints for dumped tables
--

--
-- Constraints for table `tbl_kinerja`
--
ALTER TABLE `tbl_kinerja`
  ADD CONSTRAINT `tbl_kinerja_ibfk_1` FOREIGN KEY (`kd_unit`) REFERENCES `tbl_parameter` (`kd_unit`),
  ADD CONSTRAINT `tbl_kinerja_ibfk_4` FOREIGN KEY (`kd_parameter`) REFERENCES `tbl_parameter` (`kd_parameter`),
  ADD CONSTRAINT `tbl_kinerja_ibfk_5` FOREIGN KEY (`kd_cabang`) REFERENCES `tbl_regist` (`jabatan`),
  ADD CONSTRAINT `tbl_kinerja_ibfk_6` FOREIGN KEY (`nrp`) REFERENCES `tbl_pegawai` (`nrpp`);

--
-- Constraints for table `tbl_parameter`
--
ALTER TABLE `tbl_parameter`
  ADD CONSTRAINT `tbl_parameter_ibfk_2` FOREIGN KEY (`kd_perspektif`) REFERENCES `tbl_perspektif` (`kd_perspektif`),
  ADD CONSTRAINT `tbl_parameter_ibfk_3` FOREIGN KEY (`kd_unit`) REFERENCES `tbl_unit` (`kd_unit`);

--
-- Constraints for table `tbl_regist`
--
ALTER TABLE `tbl_regist`
  ADD CONSTRAINT `tbl_regist_ibfk_1` FOREIGN KEY (`jabatan`) REFERENCES `tbl_kantor` (`kd_kantor`);
COMMIT;

/*!40101 SET CHARACTER_SET_CLIENT=@OLD_CHARACTER_SET_CLIENT */;
/*!40101 SET CHARACTER_SET_RESULTS=@OLD_CHARACTER_SET_RESULTS */;
/*!40101 SET COLLATION_CONNECTION=@OLD_COLLATION_CONNECTION */;
